id,domain,status,purchase_price,renewal_price,attractiveness,demand,length,registrar,created_at,expires_at,status_verified_at
23e15a78-8615-45f3-8d34-199cba84ec7e,dampen.kids,premium,62.5,22.5,medium,low,6,name.com,,,13/08/2026 16:53
34352fc9-3657-4792-84ec-01b9646c5bc4,grouped.kids,available,7.98,29.98,high,low,7,namecheap,,,20/08/2026 20:22
8f196e40-51e3-4383-83e3-4f98d7427f54,multicolor.kids,available,6.79,19.99,high,low,10,namesilo,,,03/09/2026 10:35
d17e1eb0-2837-40d9-8f4e-69d3dfe74e6a,hygienic.kids,premium,53.92,21.24,high,low,8,namesilo,,,21/08/2026 16:27
efa385d9-8f75-448a-b8c7-2680b511c6ad,atavist.kids,available,6.79,19.99,medium,low,7,namesilo,,,11/09/2026 14:58
26209210-d0ec-424c-89d6-17c356424bbb,cosset.kids,available,6.79,19.99,high,low,6,namesilo,,,21/09/2026 13:00
ddf5305a-8d3d-48b1-a69f-c24e006acb29,brusque.kids,premium,53.92,21.24,medium,low,7,namesilo,,,11/08/2026 07:02
90aea74b-131d-45b9-b94b-a4cad7a20f4c,wong.kids,available,6.79,19.99,high,low,4,namesilo,,,26/09/2026 03:13
59c739f0-c501-4f2b-bccb-f182e21384a8,barterer.kids,available,9.99,33.99,medium,low,8,name.com,,,22/09/2026 08:58
c56161fa-6d4d-48c2-9e85-fd0329c56a24,didactic.kids,premium,53.92,21.24,high,low,8,namesilo,,,14/08/2026 06:41
1dafed5f-62e6-43f4-b9c7-87bb285d3ef7,blackthorn.kids,premium,53.92,21.24,medium,low,10,namesilo,,,24/09/2026 03:10
bccb4a93-1619-4ec5-a233-d5f00801f696,iterative.kids,available,6.79,19.99,high,low,9,namesilo,,,22/08/2026 11:39
9012ce23-c090-4e55-a026-082b49d228cf,tensile.kids,available,6.79,19.99,medium,low,7,namesilo,,,11/09/2026 11:30
4964cabb-2cab-4329-b65b-c59542b7ddc2,clamp.kids,premium,53.92,21.24,high,low,5,namesilo,,,24/09/2026 15:19
8e2ef4e0-cd1c-4179-9adc-53d44e467642,imitator.kids,available,7.98,29.98,medium,low,8,namecheap,,,19/09/2026 16:27
6242adfe-7b72-48ea-8726-f296f763a1e0,healthful.kids,premium,53.92,21.24,high,low,9,namesilo,,,21/08/2026 02:02
7e96b64c-b0da-4c95-9931-e5a142b281ff,fifties.kids,available,6.79,19.99,high,low,7,namesilo,,,16/09/2026 12:10
d3b606c7-9900-4dd2-a192-fed3437a7bfc,aladdin.kids,premium,375,,high,medium,7,name.com,,,
d186b05e-9593-48db-aed9-943745a5d924,assegai.kids,available,6.79,19.99,medium,low,7,namesilo,,,20/09/2026 15:40
c6dc2a0d-5e93-47d5-b018-b1d9f1f81fbc,lowell.kids,premium,53.92,21.24,high,low,6,namesilo,,,16/09/2026 14:32
706d31df-8316-4e4f-8105-4f966b86b110,palpable.kids,premium,53.92,21.24,high,low,8,namesilo,,,05/09/2026 00:07
478aaf12-d943-4bfc-b066-809191beea4e,anzac.kids,available,7.98,29.98,high,low,5,namecheap,,,19/09/2026 16:00
67a59dd9-40fb-4368-9db4-9ab13d60e8f0,tornado.kids,premium,62.5,,high,low,7,name.com,,,
d10aa28a-e3cb-4881-8224-3caa7605e27a,tipple.kids,premium,53.92,21.24,medium,low,6,namesilo,,,23/09/2026 12:44
de5efbdb-1feb-4c9a-b8b1-82da2d902303,albite.kids,premium,53.92,21.24,high,low,6,namesilo,,,18/09/2026 02:59
7b7286f6-df02-4fc6-b838-3d0afea3ead4,spry.kids,premium,53.92,21.24,high,low,4,namesilo,,,
8cd6a8df-89e7-4f43-b953-31e3793a7bed,veterans.kids,available,7.98,29.98,high,low,8,namecheap,,,18/09/2026 11:06
3e3884bf-6750-4bcf-b11c-fd497dbbe6bb,gravy.kids,premium,53.92,21.24,high,low,5,namesilo,,,24/09/2026 11:11
761dee48-8276-422e-97b4-767c6e9c5953,vein.kids,premium,53.92,21.24,high,low,4,namesilo,,,
1ad84941-6780-4167-b164-09257171fcff,disjointed.kids,premium,53.92,21.24,medium,low,10,namesilo,,,14/08/2026 11:16
746fb081-57b8-4977-b2db-3113cf9eb935,castle.kids,premium,384,21.24,high,low,6,namesilo,,,25/09/2026 04:06
c7fa5a63-a584-496b-9201-485b2e907763,tricuspid.kids,available,7.98,29.98,medium,low,9,namecheap,,,11/09/2026 19:29
75c6ecbe-7f5e-4a34-8da6-fef2c1bba501,ferocious.kids,premium,375,22.5,medium,low,9,name.com,,,18/08/2026 02:05
e8dfd9b0-ce9c-4af6-a3cc-2e2e9fb415df,lactating.kids,available,7.98,29.98,medium,low,9,namecheap,,,22/08/2026 18:18
fc691df0-de9d-492d-a5d8-0a9f6a3864de,walked.kids,available,6.79,19.99,medium,low,6,namesilo,,,18/09/2026 01:20
43f3d8cd-27a2-4c65-b88e-e28be9508685,postdoc.kids,available,6.79,19.99,high,low,7,namesilo,,,09/09/2026 00:19
5575b1a1-5a16-4bc7-ad80-d573a8eba4d6,tenable.kids,premium,53.92,21.24,medium,low,7,namesilo,,,11/09/2026 11:08
24079abd-31de-4d6b-9b82-d3148814bfe8,vans.kids,available,7.98,29.98,medium,low,4,namecheap,,,18/09/2026 22:44
e2255722-6a2a-4ae6-bd60-5a88a76b62dc,lenient.kids,premium,53.92,21.24,high,low,7,namesilo,,,22/08/2026 23:46
60547011-9d63-4e90-b502-590b0bbbcc03,pushing.kids,available,6.79,19.99,high,low,7,namesilo,,,
ace6dc26-3fab-4b8d-8115-40ea21ace25a,unkind.kids,premium,53.92,21.24,medium,low,6,namesilo,,,12/09/2026 14:11
3020a5a5-ce4a-4951-b3c7-a4fbacc42b61,mortified.kids,available,7.98,29.98,medium,low,9,namecheap,,,18/08/2026 20:17
481b5e96-25af-47df-81b0-ab72f3dcb403,winking.kids,available,6.79,19.99,high,low,7,namesilo,,,10/08/2026 14:28
d89f502d-b3b0-43f0-869a-26aa121a87c0,empathetic.kids,available,6.79,19.99,high,low,10,namesilo,,,16/08/2026 16:43
f13be355-468b-4757-a241-8f5e882c70e6,cheeses.kids,available,6.79,19.99,high,low,7,namesilo,,,
3220b614-6af7-4f8b-87e7-936f686d4b76,flat.kids,premium,53.92,21.24,high,low,4,namesilo,,,21/09/2026 12:19
1d72f0be-1b89-41c2-9cc7-c3df7520a902,warily.kids,available,6.79,19.99,medium,low,6,namesilo,,,16/09/2026 11:20
7540b2b0-ea88-43eb-a085-4054ef5d81a4,ammine.kids,available,6.79,19.99,medium,low,6,namesilo,,,18/09/2026 22:03
05d964fa-3dbc-496d-a598-08a968e35438,pangolin.kids,premium,53.92,21.24,high,low,8,namesilo,,,19/09/2026 12:39
b3180b58-8c61-4e90-aad4-c77bf46dac2e,algerian.kids,available,6.79,19.99,high,low,8,namesilo,,,
0f30edca-9bd9-4418-b3ab-76cc075a2a56,overactive.kids,premium,53.92,21.24,medium,low,10,namesilo,,,21/08/2026 16:42
4d92739e-2100-485f-8983-d53a1d4c4286,impound.kids,premium,62.5,22.5,high,low,7,name.com,,,12/08/2026 21:04
0323b02d-a485-4ee1-aee3-e61cbb0022ca,arts.kids,available,6.79,19.99,high,low,4,namesilo,,,23/09/2026 06:35
d1af0b57-1847-40f3-8956-6ec0b94e8fcd,antithetic.kids,available,6.79,19.99,medium,low,10,namesilo,,,05/08/2026 19:49
3ef06edc-4bff-4d7f-9bde-e03d7f0fc76d,cuddle.kids,premium,65,23.4,high,low,6,namecheap,,,24/09/2026 20:09
71de5995-d562-4e2d-8738-02296b33c6d0,buzz.kids,premium,384,21.24,high,low,4,namesilo,,,25/09/2026 00:26
63326fea-7fe7-49bc-a240-8dd83b6fc243,frontward.kids,available,6.79,19.99,medium,low,9,namesilo,,,18/08/2026 12:50
86415028-7476-4370-8ed1-761de3869f16,blackshirt.kids,available,6.79,19.99,medium,low,10,namesilo,,,24/09/2026 03:05
c69572e8-b1ab-49bc-a780-b85b0b3e65e6,caudal.kids,available,6.79,19.99,high,low,6,namesilo,,,11/08/2026 22:22
c52304a5-a947-40c4-95a9-91fdf9ca2b3d,provision.kids,premium,53.92,21.24,high,low,9,namesilo,,,
6c885d61-3819-43c5-91b2-596c31759737,scorned.kids,available,6.79,19.99,medium,low,7,namesilo,,,14/08/2026 04:16
f155c22e-eb73-468b-9654-515a91944a56,opencast.kids,available,6.79,19.99,medium,low,8,namesilo,,,04/09/2026 16:08
1221aaab-fb1e-4b8b-b314-647ae6f6c687,reversion.kids,premium,53.92,21.24,high,low,9,namesilo,,,09/09/2026 16:19
291115a2-53ce-4402-b645-76a31dfb23a0,arachnoid.kids,available,6.79,19.99,medium,low,9,namesilo,,,06/08/2026 11:41
bebda5ec-c8ef-4974-920a-9b19f45bb68f,goony.kids,available,6.79,19.99,medium,low,5,namesilo,,,23/09/2026 23:48
19869865-a9d0-4104-ae23-9b2a4af07c62,renal.kids,premium,53.92,21.24,medium,low,5,namesilo,,,09/09/2026 13:51
c9138acf-caaf-4698-9c8c-6dad269d6341,warring.kids,premium,53.92,21.24,medium,low,7,namesilo,,,13/09/2026 08:11
23ec2f84-8516-493a-a7ae-5c82d2bb95af,beldame.kids,available,6.79,19.99,medium,low,7,namesilo,,,23/09/2026 04:46
514ae899-e0c5-4ed5-8a5e-c75313f62381,usually.kids,available,6.79,19.99,high,low,7,namesilo,,,
213b2879-61ba-4f66-af8e-90021a05a9b0,implanted.kids,available,6.79,19.99,medium,low,9,namesilo,,,13/08/2026 22:47
13c0c9d5-f310-4718-889c-3c0aaa86b893,artistry.kids,premium,53.92,21.24,high,medium,8,namesilo,,,19/09/2026 06:29
e2fd9fc8-eef5-4013-a75b-cd3302123d30,fell.kids,premium,53.92,21.24,medium,low,4,namesilo,,,08/08/2026 15:49
f40ba2bb-bcd8-415e-b3f5-33f9b2222865,flashy.kids,premium,53.92,21.24,high,low,6,namesilo,,,18/08/2026 06:33
024561cc-b6a8-48a7-9411-b84e07a53c53,myalgic.kids,available,6.79,19.99,medium,low,7,namesilo,,,03/09/2026 11:57
b5b5a1b8-56f3-4a72-9711-216fb5529938,auschwitz.kids,premium,65,23.4,medium,low,9,namecheap,,,21/09/2026 04:35
f078b54e-09a6-4f98-9e7c-fb1948d521c6,ingredients.kids,available,6.79,19.99,medium,low,11,namesilo,,,
c971bccd-39db-443d-b73a-50ad9dbb3083,xxxvii.kids,available,6.79,19.99,medium,low,6,namesilo,,,
bc45faca-48dc-4058-a0b4-0f2a4c019306,extropic.kids,available,6.79,19.99,medium,low,8,namesilo,,,17/08/2026 19:38
f0a52c3f-c88f-4085-82b9-5d49131ecfd2,fanny.kids,premium,53.92,21.24,medium,low,5,namesilo,,,09/08/2026 12:00
9a2bdb65-cab8-4036-8961-8c5d650692d0,dozy.kids,available,7.98,29.98,medium,low,4,namecheap,,,14/08/2026 18:06
70a2a120-84ff-43be-a58b-b96167b4b911,beaches.kids,available,6.79,19.99,high,low,7,namesilo,,,20/09/2026 07:25
9287627c-c578-421d-980d-62485fee6e73,snatcher.kids,available,6.79,19.99,medium,low,8,namesilo,,,16/09/2026 14:55
7fd32bc1-c98a-4a56-88f3-d43755927591,absorbent.kids,premium,53.92,21.24,high,low,9,namesilo,,,
409709d5-31af-479d-9d5b-1d1142304aa6,doglike.kids,available,6.79,19.99,medium,low,7,namesilo,,,14/08/2026 15:07
06408f7c-7bbc-4b23-9440-cc6d1d4db12b,marines.kids,available,9.99,,high,low,7,name.com,,,
a98daf36-21ca-4678-ad8b-116ed941632e,alkyd.kids,premium,53.92,21.24,medium,low,5,namesilo,,,18/09/2026 08:33
dacc159d-ff45-470b-8b27-5cb593c5060b,obtained.kids,available,6.79,19.99,medium,low,8,namesilo,,,
0dd7793a-1aa8-45ba-9330-c595cea77ea2,dandified.kids,available,9.99,33.99,medium,low,9,name.com,,,13/08/2026 17:01
3a499b14-f478-40ac-b5c7-c34660d06fa5,unwritten.kids,premium,53.92,21.24,high,low,9,namesilo,,,04/09/2026 17:17
d680cfe2-76fa-4363-867b-0ec1cbb5a732,doubter.kids,available,7.98,29.98,medium,low,7,namecheap,,,
5f05b8c9-2485-4896-94e5-72baeac084f2,aerobic.kids,premium,375,22.5,high,low,7,name.com,,,21/09/2026 21:01
04c0731e-66ff-44e9-9ce3-65e10a6b764b,sinewy.kids,premium,53.92,21.24,medium,low,6,namesilo,,,11/08/2026 02:52
a81b170a-a46b-4808-a18a-8a1c1f50c98b,advancer.kids,available,6.79,19.99,medium,low,8,namesilo,,,17/09/2026 10:28
4dd89ef7-541a-4d6c-aa7a-6b976135b6ff,fortunate.kids,premium,53.92,21.24,high,low,9,namesilo,,,18/08/2026 12:47
dca8868b-9eac-4303-9633-c56453c99672,neckless.kids,available,6.79,19.99,medium,low,8,namesilo,,,03/09/2026 14:41
f6060476-0c04-4af7-9b27-aafa8e5c9e9f,ampul.kids,available,9.99,33.99,high,low,5,name.com,,,18/09/2026 23:49
45d88bc2-65e9-49fd-9c1e-356602e24d21,fifth.kids,premium,53.92,21.24,high,low,5,namesilo,,,
3a1db028-49ee-4ece-91e1-91779817e43e,translating.kids,available,7.98,29.98,medium,low,11,namecheap,,,17/09/2026 20:51
157d4703-9d93-40e0-a46c-8271025eaa94,chivalrous.kids,premium,53.92,21.24,high,low,10,namesilo,,,12/08/2026 06:14
83597c7e-574f-4e59-a91a-e2f0454053c3,pontiff.kids,premium,53.92,21.24,medium,low,7,namesilo,,,23/09/2026 21:52
9bda0170-e33e-42db-88db-c65e0acb4b59,cooked.kids,available,6.79,19.99,high,low,6,namesilo,,,23/09/2026 22:56
8f54b80a-0372-4692-9d04-a4545e1e850e,fits.kids,available,6.79,19.99,medium,low,4,namesilo,,,18/09/2026 18:43
9af3208f-69ad-4b64-8d5a-b34cb6fc5418,gettysburg.kids,premium,53.92,21.24,medium,low,10,namesilo,,,22/09/2026 15:05
c3d9aa03-ec8e-443b-b938-07696a057648,declarer.kids,available,9.99,33.99,high,low,8,name.com,,,17/09/2026 14:33
48a4733f-cfe3-4bd4-88e2-6bbf36563916,netted.kids,available,6.79,19.99,medium,low,6,namesilo,,,03/09/2026 16:02
43da2c01-a292-4aa0-bdeb-bdc96e35d68b,shifting.kids,available,6.79,19.99,high,low,8,namesilo,,,
3637ffde-ffb0-4274-a05e-6071d2b51892,tribade.kids,available,6.79,19.99,medium,low,7,namesilo,,,23/08/2026 00:20
542a3711-be4b-4bf6-88a6-add627aec0b7,lagger.kids,available,6.79,19.99,medium,low,6,namesilo,,,22/08/2026 18:42
ef61fcc0-168e-474d-b088-726df82185f0,demurely.kids,available,6.79,19.99,medium,low,8,namesilo,,,14/09/2026 11:31
dc4d7940-1a0b-40fb-8307-1fc6f984f342,fitfully.kids,available,6.79,19.99,medium,low,8,namesilo,,,14/09/2026 18:43
12ce51f0-b76e-49f3-8b02-77cbd7dde477,starlike.kids,available,7.98,29.98,medium,low,8,namecheap,,,10/09/2026 18:54
9536a6ab-3cac-4f92-840d-87b41225672e,nazi.kids,premium,53.92,21.24,high,low,4,namesilo,,,03/09/2026 13:40
3bd3a766-d617-4739-9536-29d53fb72171,tunas.kids,available,6.79,19.99,medium,low,5,namesilo,,,19/09/2026 22:09
53fa622a-e5ee-4c5e-a44a-dea39803737c,dismissal.kids,available,6.79,19.99,high,low,9,namesilo,,,
71c9ff65-19d1-4740-a64c-6eb6e5fbfa41,arrayed.kids,available,6.79,19.99,medium,low,7,namesilo,,,06/08/2026 21:37
2add091b-759f-427f-a623-520c2716be6c,inwards.kids,available,6.79,19.99,high,low,7,namesilo,,,21/08/2026 23:32
37435f5e-5f9a-4028-8702-bab78267b1e7,ubiquitous.kids,premium,53.92,21.24,high,low,10,namesilo,,,04/09/2026 13:54
df8d1ce3-e833-4150-9b49-d3bd7d571dd2,while.kids,premium,53.92,21.24,high,low,5,namesilo,,,
099b2b6f-0545-4783-a258-cce95a4f7548,creditably.kids,available,6.79,19.99,medium,low,10,namesilo,,,14/09/2026 09:30
17f0db70-f397-4f56-a434-3b7f33d4a2bc,flaunt.kids,premium,53.92,21.24,high,low,6,namesilo,,,11/09/2026 05:17
e68eebb6-5d03-4b1a-be1a-a0dc3fa6fab2,bisayan.kids,available,7.98,29.98,medium,low,7,namecheap,,,23/09/2026 21:29
864780cf-b3a3-4410-b062-7d70753c45f7,grains.kids,available,9.99,,high,low,6,name.com,,,
9faee749-39d2-46a0-984f-4ea875b2fce5,boxing.kids,premium,375,,high,low,6,name.com,,,
1b8b6be8-2b21-4aee-907e-7da9e8623084,rente.kids,available,9.99,33.99,medium,low,5,name.com,,,19/09/2026 10:58
d2eacd7f-9f9c-4dbc-aa1a-1873a3c3de3b,bill.kids,premium,384,21.24,high,low,4,namesilo,,,19/09/2026 17:00
423b3bba-d16a-4636-b962-876182b4b151,scary.kids,premium,375,22.5,high,low,5,name.com,,,12/08/2026 05:23
7847e424-7249-4608-91ef-aa3bc6a06bcb,monotone.kids,premium,53.92,21.24,high,low,8,namesilo,,,25/08/2026 05:25
893ee39b-d88e-471b-86db-c2071ced4463,stalk.kids,premium,65,23.4,high,low,5,namecheap,,,19/09/2026 07:14
d24a5df6-a6a3-427d-b265-be0e4226aa8e,algebraic.kids,available,6.79,19.99,high,low,9,namesilo,,,
9ad6654d-5cd7-4e26-83df-b2e149a69d31,slowness.kids,available,6.79,19.99,high,low,8,namesilo,,,
a4c5f72c-6b96-414f-9d05-a4d1dcc08641,avowal.kids,premium,53.92,21.24,medium,low,6,namesilo,,,17/09/2026 14:26
1d8aa062-84f2-4eba-a0ab-1a64b9d43d02,steps.kids,available,6.79,19.99,high,low,5,namesilo,,,
52024d73-8156-4dd0-aeb3-6b6f42e0a01c,indifferent.kids,premium,53.92,21.24,high,low,11,namesilo,,,
e6b51143-97fb-4303-8d76-9b18f2ecd0fd,trigonal.kids,available,6.79,19.99,medium,low,8,namesilo,,,09/09/2026 16:45
357cbdd4-5caa-4688-8ee9-cd84cf10c20f,perch.kids,premium,53.92,21.24,high,low,5,namesilo,,,
9d7c9b24-b711-41fb-9660-e5186df725b0,unwise.kids,premium,53.92,21.24,medium,low,6,namesilo,,,12/09/2026 22:42
4e5867dc-6e84-4fb1-9359-7fc86582b548,cardigan.kids,premium,53.92,21.24,high,low,8,namesilo,,,24/09/2026 12:52
d22e7376-8450-4a1a-bdf8-afc42f8585c4,philia.kids,available,6.79,19.99,high,low,6,namesilo,,,17/09/2026 14:21
259f2108-21bc-45a6-bde7-9f6c41604af0,alzheimers.kids,available,6.79,19.99,medium,low,10,namesilo,,,18/09/2026 15:29
92a38045-17c1-4c3d-8243-1d911ec08763,receivable.kids,premium,53.92,21.24,high,low,10,namesilo,,,09/09/2026 11:20
53aed25a-58ee-46a2-8f5c-e37e1330de29,unoriginal.kids,available,6.79,19.99,medium,low,10,namesilo,,,12/09/2026 16:21
6372bdda-c0fb-4915-b2ef-907ac856b41e,burns.kids,premium,53.92,21.24,high,low,5,namesilo,,,25/09/2026 03:46
9a6a5a86-f56c-44ee-9572-84e35e7725d2,porous.kids,premium,53.92,21.24,medium,low,6,namesilo,,,21/08/2026 10:25
3161c427-fb75-4e6e-871c-f536d0dadc5e,screwy.kids,premium,53.92,21.24,medium,low,6,namesilo,,,10/09/2026 00:08
ef8bd837-76cd-4519-8b99-4ba8b71fdaef,hunchback.kids,premium,53.92,21.24,medium,low,9,namesilo,,,13/08/2026 07:49
d222d917-ab71-4e71-b34e-ef68b38756e4,gelid.kids,available,7.98,29.98,medium,low,5,namecheap,,,18/08/2026 21:05
80c29ce9-2684-48da-919a-95cf7b1f1527,torpid.kids,premium,53.92,21.24,medium,low,6,namesilo,,,14/08/2026 16:15
f56affbb-7ccd-435b-8d50-9a27b53a4628,unfathomed.kids,available,6.79,19.99,medium,low,10,namesilo,,,12/09/2026 09:57
8a48281f-6990-46fb-a42a-b7e51484b06a,bradstreet.kids,premium,53.92,21.24,medium,low,10,namesilo,,,19/09/2026 10:16
845771a1-f5f7-4b6e-bdc9-3770d1ef8bba,attend.kids,premium,53.92,21.24,high,low,6,namesilo,,,
5ba40eb2-fd52-42cb-93ad-29d31ddcaf1f,beechwood.kids,available,9.99,33.99,medium,low,9,name.com,,,23/09/2026 00:14
0ad8de89-dc9a-4186-b5e2-a3271028f144,neighborly.kids,premium,53.92,21.24,high,low,10,namesilo,,,03/09/2026 15:16
891e07db-ac79-40f7-9e93-84be4b165a68,merchants.kids,available,6.79,19.99,medium,low,9,namesilo,,,18/09/2026 04:36
f86ed9ae-46f6-4d68-8256-d7e57a1ce182,pester.kids,premium,65,23.4,medium,low,6,namecheap,,,21/09/2026 17:02
d14f02a6-6610-4252-beff-b6569591c85e,weakness.kids,premium,53.92,21.24,high,low,8,namesilo,,,17/08/2026 20:45
4a249c67-a57b-4246-9add-6f81b724bfd1,typed.kids,available,6.79,19.99,high,low,5,namesilo,,,17/09/2026 22:44
33723e35-a46a-4b86-b719-7d669ece9b0c,practicing.kids,available,6.79,19.99,high,low,10,namesilo,,,
5e108a49-153b-4ba3-a2c7-eadc771af70a,despondent.kids,premium,53.92,21.24,medium,low,10,namesilo,,,24/09/2026 06:51
1f445ae9-53a1-45a3-a1d6-a53c82b4a58e,biogenic.kids,available,6.79,19.99,high,low,8,namesilo,,,10/08/2026 01:27
a20e568f-d2ca-4dbc-8137-c5d0fa80003e,unwilling.kids,premium,53.92,21.24,medium,low,9,namesilo,,,12/09/2026 22:40
0a40cc43-f86e-45fc-b455-c09fcfbbd949,isoclinic.kids,available,6.79,19.99,medium,low,9,namesilo,,,22/08/2026 11:02
229ab18d-2cb6-49f5-8207-a874d28a0b5b,detecting.kids,available,6.79,19.99,high,low,9,namesilo,,,
2550c55c-8939-4ba7-a0ea-a81add7244ac,rider.kids,premium,53.92,21.24,high,low,5,namesilo,,,
fa55f2d7-0ed4-4211-893e-dd40c1aac959,bistre.kids,available,7.98,29.98,medium,low,6,namecheap,,,23/09/2026 22:12
0938bb4d-5744-4eca-85bf-db8ee619814e,rim.kids,premium,53.92,21.24,high,low,3,namesilo,,,24/09/2026 10:31
05a90f03-36a6-483c-bd69-ef3a949a5956,amicably.kids,available,7.98,29.98,medium,low,8,namecheap,,,13/09/2026 19:29
522f8eff-7c7f-4af8-aaa5-81d1b2e32c16,category.kids,premium,53.92,21.24,high,low,8,namesilo,,,24/09/2026 13:09
7b622c65-cd73-4b28-96fd-8138c739521c,typical.kids,premium,53.92,21.24,high,low,7,namesilo,,,24/09/2026 11:26
00345fa8-5879-4115-8362-8ed70dfbafc8,estimable.kids,available,6.79,19.99,high,low,9,namesilo,,,12/08/2026 19:44
e97b4f31-e79e-48a9-ac5d-5180304b6ad2,mown.kids,available,6.79,19.99,medium,low,4,namesilo,,,25/08/2026 09:14
1e85a5c8-759f-44ba-bb54-48b357e88a48,excitement.kids,premium,384,21.24,high,low,10,namesilo,,,25/09/2026 05:50
8f384dc5-4f2f-4e77-a3c2-83fdc6ed52d3,nihility.kids,available,6.79,19.99,medium,low,8,namesilo,,,13/09/2026 06:35
df07c4c8-a1f9-4e11-af3c-e53c4bcb2524,macabre.kids,premium,53.92,21.24,medium,low,7,namesilo,,,18/08/2026 23:19
a08c2b7f-3bdf-4085-933f-c2c81afdf89d,wrap.kids,premium,53.92,21.24,high,low,4,namesilo,,,26/09/2026 00:32
f4d4612c-f920-49dd-b286-21b179ff6eae,bleb.kids,available,7.98,29.98,medium,low,4,namecheap,,,24/09/2026 05:21
f8165fed-b2d2-4840-befd-cc1bec42ec3c,diving.kids,available,6.79,19.99,high,low,6,namesilo,,,
6f9bb8a8-80b4-450e-b619-50a7482a720e,case.kids,premium,375,,high,low,4,name.com,,,
2f1ada6f-3e09-4b01-8d63-c9c7f2754bad,roomily.kids,available,6.79,19.99,medium,low,7,namesilo,,,16/09/2026 00:01
26c24210-6505-4a91-8d9d-9fd90f94bfd4,astragalus.kids,available,6.79,19.99,high,low,10,namesilo,,,19/09/2026 09:45
0d8c5bb9-5012-43bf-880c-9f4dbae7c6bb,rescue.kids,premium,375,,high,low,6,name.com,,,
2c02d584-48e9-4be9-a209-f7d13dc1aadb,generated.kids,available,6.79,19.99,medium,low,9,namesilo,,,19/09/2026 12:09
1b3f274e-de1f-40be-916d-6ca5c688d3f2,dauntless.kids,premium,53.92,21.24,high,low,9,namesilo,,,22/09/2026 12:12
d16db258-cea6-48b2-a624-88acb843bacf,complaint.kids,premium,53.92,21.24,high,low,9,namesilo,,,25/09/2026 07:37
fa6b5ff5-36f1-4557-a248-5f8841ac1c0a,rhythm.kids,premium,65,23.4,high,low,6,namecheap,,,25/09/2026 22:02
77ce6414-f2cc-480c-a908-e14ec819ddcb,horary.kids,available,6.79,19.99,medium,low,6,namesilo,,,21/08/2026 13:58
f24a3e58-275a-4278-a27d-3036c8bf9d78,sulfuric.kids,premium,53.92,21.24,medium,low,8,namesilo,,,11/09/2026 01:29
ea26f41c-5eb6-48d4-9be3-88c69d96fe6e,moulding.kids,premium,53.92,21.24,medium,low,8,namesilo,,,24/09/2026 15:25
bac4208f-038a-4203-a37e-99592d9a41ca,trippingly.kids,premium,53.92,21.24,medium,low,10,namesilo,,,15/09/2026 11:20
7750d8a2-3ed2-485f-a312-1b329de90fc4,scene.kids,premium,390,23.4,high,low,5,namecheap,,,24/09/2026 18:53
afb2b50e-3039-4dc7-affe-23726fa5d610,armenian.kids,premium,53.92,21.24,high,low,8,namesilo,,,06/08/2026 19:39
39e5155b-c8a3-4d5a-af28-037452c4b3f2,news.kids,premium,1040,23.4,high,medium,4,namecheap,,,23/09/2026 11:01
f9738b77-e8e4-4246-80b0-0d500ec99ad3,raspberry.kids,premium,384,21.24,medium,low,9,namesilo,,,24/09/2026 06:43
ef0caca0-f4b7-4b87-a363-606e00147cb1,androgenic.kids,available,6.79,19.99,medium,low,10,namesilo,,,
29917a62-9d4e-4616-869b-b81c4368ec23,jiffy.kids,premium,53.92,21.24,high,low,5,namesilo,,,22/08/2026 07:30
3cfa54d9-b0ab-4fc0-a93f-1e7b3d0af48b,amatory.kids,premium,53.92,21.24,medium,low,7,namesilo,,,
5a1350d5-d632-411a-89df-4bd4a79ffb70,amass.kids,premium,53.92,21.24,high,low,5,namesilo,,,12/08/2026 16:53
20b6699a-faa3-47dc-a40e-5003a8424c85,angeles.kids,available,6.79,19.99,high,low,7,namesilo,,,25/09/2026 16:22
0c95250e-1e87-4d83-adbc-f9fb3ef10405,laying.kids,available,7.98,29.98,high,low,6,namecheap,,,25/09/2026 22:34
98113cc4-3946-44d7-b367-02c67d9a83a8,opponent.kids,premium,375,22.5,high,low,8,name.com,,,04/09/2026 16:36
aec9d125-02f3-4c46-a1a6-429c3686fb77,actress.kids,premium,53.92,21.24,high,low,7,namesilo,,,
0dde3aca-1a96-4ef8-8fb5-548c8707e458,asala.kids,available,6.79,19.99,medium,low,5,namesilo,,,16/09/2026 12:33
e4195261-510a-4049-94ab-413af3cb168f,toad.kids,premium,62.5,22.5,high,low,4,name.com,,,05/08/2026 21:06
b44be080-2799-4248-a5a0-02c0c70d1eb3,pinwheel.kids,premium,53.92,21.24,high,low,8,namesilo,,,17/09/2026 12:41
5df0456b-5f82-46ee-a265-ca77841f3ecc,floss.kids,premium,384,21.24,high,low,5,namesilo,,,24/09/2026 21:54
89919056-408a-4044-9a2d-f40368afb183,sinners.kids,available,6.79,19.99,medium,low,7,namesilo,,,
b9ac3ed7-3b19-4b4e-aeee-3d8cdabd8284,resentment.kids,premium,53.92,21.24,medium,low,10,namesilo,,,23/09/2026 23:03
b2652527-d5b2-4255-ade7-3dd83b18a2d1,deadly.kids,premium,65,23.4,medium,low,6,namecheap,,,22/09/2026 16:43
2da9d537-c945-48da-8b25-7f61f9f0d674,hospitals.kids,available,6.79,19.99,high,low,9,namesilo,,,20/09/2026 04:37
f83ca63e-74c6-411a-8c0c-4fbc33c59c2a,xmas.kids,premium,375,,high,low,4,name.com,,,
697f7b21-2025-4d68-bc3a-420b60ec0245,women.kids,available,6.79,19.99,high,low,5,namesilo,,,
fd6ba264-cc6d-43b1-972c-efa5435150dd,handsome.kids,premium,62.5,22.5,high,low,8,name.com,,,09/08/2026 18:09
a3249796-0f6a-483b-92df-2ad4819b6c63,medal.kids,premium,375,,high,low,5,name.com,,,
5f222922-7a07-4aa6-b905-d8f80f750d46,simon.kids,premium,53.92,21.24,high,medium,5,namesilo,,,25/09/2026 07:17
ecd926b3-9281-458c-a4ba-360dafe9d885,clover.kids,premium,53.92,21.24,high,low,6,namesilo,,,24/09/2026 16:06
0c5d6926-44c7-4805-8e75-b33fd8687683,report.kids,premium,375,,high,low,6,name.com,,,
e225bbd4-7695-45ea-ab53-88f24a808925,czechoslovakia.kids,premium,53.92,21.24,medium,low,14,namesilo,,,
f507134a-44aa-4d6b-9f07-f9ed86e1c091,upfront.kids,available,6.79,19.99,high,low,7,namesilo,,,12/09/2026 23:09
59c36073-64ee-4373-a895-8d7c0b7fdbfb,westside.kids,available,6.79,19.99,high,low,8,namesilo,,,13/09/2026 11:00
4579a8e6-fa3d-4ed3-9156-9c0123c072e5,carte.kids,available,6.79,19.99,high,low,5,namesilo,,,23/09/2026 16:04
e729b05c-67f4-421a-99f3-73d0c5702a86,pied.kids,premium,53.92,21.24,high,low,4,namesilo,,,03/09/2026 10:39
a2648594-944b-43ab-be45-75bf886a500f,phil.kids,available,6.79,19.99,high,medium,4,namesilo,,,
f015afd5-48ab-4d59-ad09-f54c10c7cfea,businesses.kids,premium,384,21.24,medium,low,10,namesilo,,,23/09/2026 07:34
179ee700-ec9e-4fe8-9233-b7d2982e02c4,slouchy.kids,premium,53.92,21.24,medium,low,7,namesilo,,,19/09/2026 04:23
8cc41d89-9a67-495f-8eda-240572413571,neurogenic.kids,available,6.79,19.99,medium,low,10,namesilo,,,03/09/2026 16:12
8791a9b8-d066-4e3e-92c5-359f75d1e46e,ripened.kids,available,7.98,29.98,high,low,7,namecheap,,,09/09/2026 17:55
359542f3-c35c-4071-b297-77bc27959576,stoneless.kids,available,7.98,29.98,low,low,9,namecheap,,,10/09/2026 21:12
ccd4bb02-0839-4860-a282-ced70f87b525,emerging.kids,available,7.98,29.98,high,low,8,namecheap,,,16/08/2026 15:03
f6b33670-e128-4d21-9c4e-618cc44f3c20,contorted.kids,available,6.79,19.99,medium,low,9,namesilo,,,12/08/2026 23:22
4aa9369c-e33f-4f09-85e8-9596653e0117,kenneth.kids,available,7.98,29.98,high,low,7,namecheap,,,25/09/2026 19:13
68b61411-2d43-468c-943f-412fe044c347,vandalism.kids,premium,53.92,21.24,medium,low,9,namesilo,,,
45b9c9f2-c985-46c9-b840-d96fd9b6697f,chronic.kids,premium,53.92,21.24,high,low,7,namesilo,,,12/08/2026 07:24
7ac17da5-8eb2-44cb-b787-8cbb681a6988,polyester.kids,premium,53.92,21.24,high,low,9,namesilo,,,
cc644f9f-a6ce-41ee-aaba-50411daf4748,regally.kids,available,6.79,19.99,medium,low,7,namesilo,,,15/09/2026 22:55
2c01c09b-f8f9-4540-add4-15fef8b15169,calculator.kids,premium,384,21.24,high,medium,10,namesilo,,,24/09/2026 11:42
83f72e9e-1dc2-4375-8b4f-65b04fa436b2,committed.kids,available,6.79,19.99,high,low,9,namesilo,,,23/09/2026 15:46
8499eedc-31b4-4236-9bdf-b9eca272f53a,bedcover.kids,available,7.98,29.98,high,low,8,namecheap,,,22/09/2026 22:53
a0e46eed-462e-4701-b4a8-c6e78dbb1738,bagful.kids,available,7.98,29.98,medium,low,6,namecheap,,,21/09/2026 17:57
18144f2a-6cf7-42fe-b249-56e562c3e0cd,allice.kids,available,6.79,19.99,medium,low,6,namesilo,,,18/09/2026 11:05
0e7ad457-ed17-40fb-8caa-97b4c41b31ec,untrue.kids,premium,53.92,21.24,medium,low,6,namesilo,,,26/09/2026 03:18
ca6e1986-f012-45cb-afa4-7f16853540ae,absinth.kids,available,6.79,19.99,medium,low,7,namesilo,,,16/09/2026 17:44
f266b5de-0f30-49bb-87a1-49acb66ce4ae,obamacare.kids,available,6.79,19.99,medium,low,10,namesilo,,,
cb459800-bf4b-4924-8b9f-0e2d8783bd1b,giovanni.kids,available,6.79,19.99,high,low,8,namesilo,,,25/09/2026 14:42
05b12077-225e-442a-ad61-91e0ce90fc9b,implacable.kids,premium,53.92,21.24,medium,low,10,namesilo,,,21/08/2026 22:31
e8ec52b5-3949-43f1-9672-afba345300cc,undesirable.kids,premium,53.92,21.24,high,low,11,namesilo,,,
834f551c-b113-4860-a53c-8b5b2b970207,vespucci.kids,premium,65,23.4,high,low,8,namecheap,,,18/09/2026 21:04
13026325-581f-44d9-94e6-a29872927646,aerogram.kids,available,6.79,19.99,medium,low,8,namesilo,,,17/09/2026 13:04
c36a3f1c-3246-43fb-9ae7-7929e1ca130e,affaire.kids,available,6.79,19.99,medium,low,7,namesilo,,,17/09/2026 14:00
9fe8e0f2-c98b-4aeb-b024-e86fb9ffd23d,crepuscule.kids,available,6.79,19.99,medium,low,10,namesilo,,,11/09/2026 21:48
3e1a0b14-451e-406b-9e53-74704b96c9a3,maximizing.kids,available,7.98,29.98,high,low,10,namecheap,,,24/08/2026 17:56
3352ab36-adfa-4456-a615-0588469b9ea0,glossy.kids,premium,53.92,21.24,high,low,6,namesilo,,,11/08/2026 14:10
c272f99d-f489-468e-84b3-494fd1ce08d6,yesteryear.kids,premium,53.92,21.24,high,low,10,namesilo,,,08/09/2026 10:02
089832be-48d6-49ad-bb10-d4f27b0bd4f3,acrobatics.kids,premium,384,21.24,high,low,10,namesilo,,,17/09/2026 03:19
c3318360-b18b-4170-be70-09102e128ff5,granted.kids,available,6.79,19.99,high,low,7,namesilo,,,24/09/2026 22:19
ae10b018-11b3-4c21-a154-ccefe8cd8fdf,ripple.kids,premium,53.92,21.24,high,low,6,namesilo,,,12/09/2026 08:34
3e6ce560-8e83-48a5-99c0-f817eb39710e,logical.kids,premium,375,22.5,high,low,7,name.com,,,12/08/2026 16:03
bfd9dead-1a2c-4da6-a360-fa23176a63da,coffeemakers.kids,available,6.79,19.99,medium,low,12,namesilo,,,21/09/2026 01:27
22865d50-73ba-4411-a08a-482741f3b882,satisfactory.kids,premium,53.92,21.24,high,low,12,namesilo,,,
cbb37196-556c-4a8c-9226-8aac318da7ff,equestrian.kids,premium,375,22.5,high,low,10,name.com,,,17/08/2026 11:42
00695be5-9721-480d-9b05-09fa27f03d8b,comforts.kids,available,7.98,29.98,high,low,8,namecheap,,,18/09/2026 18:50
7a43ca7e-9120-4f90-b270-2964e3ce3da9,christina.kids,available,6.79,19.99,high,low,9,namesilo,,,25/09/2026 14:23
ca0d349b-9879-4894-8fce-d5261cd40ce8,behavior.kids,premium,53.92,21.24,high,low,8,namesilo,,,23/09/2026 03:06
e33ba37c-c54e-4442-b034-5eb617743d7b,stomach.kids,premium,53.92,21.24,high,low,7,namesilo,,,16/09/2026 14:47
d0097dc9-542a-430c-89c7-53bf8fcbc9b5,stranger.kids,premium,62.5,,high,low,8,name.com,,,
9d12fb43-5fc2-4d3c-a752-8bee2c90a9ea,vestigial.kids,available,6.79,19.99,medium,low,9,namesilo,,,13/09/2026 04:54
29500e18-2018-4e42-b7df-e76c249691af,brass.kids,premium,375,,high,low,5,name.com,,,
e0207101-4c8c-4099-b903-b664a38850de,saving.kids,premium,375,,high,low,6,name.com,,,
3d4a2f2b-fa6f-44b2-8692-c7d92b84b88d,physician.kids,premium,384,21.24,high,low,9,namesilo,,,24/09/2026 23:20
12128473-8725-42c9-b04c-4f43bfbfd2ad,table.kids,premium,375,,high,low,5,name.com,,,
b0f87dfa-b5fa-4ebf-908c-282ab24b4e9d,acervate.kids,available,6.79,19.99,medium,low,8,namesilo,,,
703cd3cb-3a94-411a-95a4-6da3a01f4a7f,dysprosium.kids,premium,53.92,21.24,medium,low,10,namesilo,,,20/09/2026 23:28
343fa5ea-1f7d-4adb-a7bf-30abee155467,vassal.kids,premium,53.92,21.24,medium,low,6,namesilo,,,18/08/2026 03:02
524669b3-a314-4b4b-ac26-efd6fb08dae9,arachnida.kids,available,6.79,19.99,medium,low,9,namesilo,,,19/09/2026 23:41
d463b0dc-0f6f-4936-9da8-cca69e7b8968,condo.kids,premium,53.92,21.24,high,low,5,namesilo,,,
56ca82a4-ee85-4f20-8ed2-395c4de19208,lubricious.kids,available,6.79,19.99,medium,low,10,namesilo,,,24/08/2026 10:50
de6edb47-3045-486b-a9b7-40444611ce44,brotherly.kids,premium,53.92,21.24,high,low,9,namesilo,,,11/08/2026 06:18
07563d3e-0cf5-4b19-8191-e8416ef81f17,betrayed.kids,available,9.99,33.99,medium,low,8,name.com,,,26/09/2026 03:08
7adf0e14-dce6-4cbc-b132-af46aaeb2dd1,ayrshire.kids,premium,53.92,21.24,high,low,8,namesilo,,,21/09/2026 10:44
782d9dcb-947e-430c-9cbb-ea6c2f919624,haiti.kids,available,,,high,high,5,,,,
a42f0c42-97f4-4f84-8182-10ba3cc9d7f8,upright.kids,premium,53.92,21.24,high,low,7,namesilo,,,17/08/2026 12:05
a8c3aae9-2412-473a-84e8-80997c527fc2,velar.kids,available,6.79,19.99,medium,low,5,namesilo,,,13/09/2026 01:59
233074e0-6fb8-476e-a754-4e843f81ea44,starch.kids,premium,65,23.4,high,low,6,namecheap,,,19/09/2026 00:32
dc128bd9-e6e3-4f5c-b704-26e59aed8284,sexual.kids,available,6.79,19.99,high,low,6,namesilo,,,
2ef3cac7-806a-4be7-a261-922d391134b3,apace.kids,premium,65,23.4,medium,low,5,namecheap,,,13/09/2026 20:22
c12a30b8-dc7f-4625-93a7-6afd4eecfec2,selected.kids,available,6.79,19.99,high,low,8,namesilo,,,
1dd59ec9-90ac-4f29-a41a-5d3cf32f14c8,angst.kids,premium,53.92,21.24,medium,low,5,namesilo,,,19/09/2026 07:24
a5897948-fbab-47c4-a5d1-cd9ef33d0d67,jacobean.kids,available,6.79,19.99,high,low,8,namesilo,,,22/08/2026 11:47
aa9fb51d-26c8-4e6c-a455-b64d46d98f7a,receive.kids,premium,53.92,21.24,high,low,7,namesilo,,,
a4caaf7b-be0d-4814-b79e-fff6eb8c3fdf,esteemed.kids,available,6.79,19.99,high,low,8,namesilo,,,17/08/2026 13:23
040bfef3-e906-4777-adb7-d5c05bedabc2,diffident.kids,premium,53.92,21.24,medium,low,9,namesilo,,,14/08/2026 07:01
d819c525-1745-4860-9b6a-2ebbb9d67976,endurance.kids,premium,375,,high,low,9,name.com,,,
2e7e6f03-fe31-4860-902f-0f975d36614c,noseless.kids,available,6.79,19.99,low,low,8,namesilo,,,03/09/2026 21:47
4e1b82d9-4214-46bf-a210-fe1869b0e07f,velocities.kids,available,7.98,29.98,medium,low,10,namecheap,,,18/09/2026 19:40
bda01cb9-f3a1-44d8-9297-2e32ec43141f,withdrawal.kids,premium,53.92,21.24,high,low,10,namesilo,,,21/09/2026 15:22
82e6db60-4619-4013-84b5-0fe49ef04883,yearly.kids,premium,53.92,21.24,high,low,6,namesilo,,,
71a44a50-37ef-4e9e-bf70-b2ed6878a739,connolly.kids,available,6.79,19.99,high,low,8,namesilo,,,25/09/2026 22:17
7d133970-7d12-40ca-acff-099b0e514e77,unaltered.kids,available,6.79,19.99,high,low,9,namesilo,,,12/09/2026 00:30
732fea8b-3cf2-4eb8-9645-6eec4bc4ec8d,ugly.kids,resell,,,high,low,4,"GoDaddy.com, LLC",07/05/2023 14:24,07/05/2027 14:24,24/09/2026 06:45
3de38c26-54d6-424f-82e8-c3a3d60df227,harpo.kids,available,6.79,19.99,high,medium,5,namesilo,,,20/09/2026 11:01
981b69ca-5100-45a4-90a2-5081c4d06aab,biaxal.kids,available,6.79,19.99,medium,low,6,namesilo,,,09/08/2026 18:46
e9b1c536-2770-4ac8-824e-42e2f0194bd8,loved.kids,available,6.79,19.99,high,low,5,namesilo,,,25/09/2026 14:27
0e39ef45-f690-436b-9db3-277dfb1d63cb,beverage.kids,premium,390,23.4,high,low,8,namecheap,,,23/09/2026 19:28
43b57a3c-9079-4686-89ec-0f720ef9a36f,arbalist.kids,available,6.79,19.99,medium,low,8,namesilo,,,20/09/2026 00:35
3f8a27ee-73b4-4f1d-8d00-ba6a70924044,kitschy.kids,available,6.79,19.99,medium,low,7,namesilo,,,09/08/2026 00:53
ff1f3867-1de8-4a97-8feb-a7638dc1a714,tuna.kids,premium,53.92,21.24,high,low,4,namesilo,,,19/09/2026 07:27
46b0d5b4-1582-4eb3-bc3d-73d0521372da,zen.kids,resell,,,high,medium,3,101domain GRS Limited,26/04/2023 16:36,26/04/2027 16:36,
5aa97864-2c99-454f-8212-ff77e79552b7,clement.kids,premium,53.92,21.24,high,low,7,namesilo,,,12/08/2026 10:42
e2baeae3-e32a-437f-87fe-97495c3a1198,changer.kids,available,6.79,19.99,high,low,7,namesilo,,,21/09/2026 05:31
165cf7d3-8fbc-4cf4-a6ca-f97fb5f54ce9,rhenish.kids,available,6.79,19.99,medium,low,7,namesilo,,,09/09/2026 16:29
ac450e2a-fc61-4456-aea5-343ef59bac01,vain.kids,premium,53.92,21.24,high,low,4,namesilo,,,22/09/2026 23:50
4960f9d7-1995-4ec5-a8ad-dd447935910e,agility.kids,available,7.98,29.98,high,low,7,namecheap,,,17/09/2026 17:49
da0bc777-2888-4b91-ace6-6d983bc63623,mussy.kids,available,7.98,29.98,medium,low,5,namecheap,,,24/08/2026 21:24
1ee3a003-3843-4e8a-affd-60c5ebe6ed08,ergotic.kids,available,6.79,19.99,medium,low,7,namesilo,,,17/08/2026 12:13
1b7610db-4a5e-42b9-9957-d8e9ccfcaa1b,devotee.kids,premium,53.92,21.24,high,low,7,namesilo,,,11/08/2026 07:49
25e9a0cc-ec6f-4a0a-98be-41512eae1c63,associate.kids,premium,53.92,21.24,high,low,9,namesilo,,,07/08/2026 06:50
6d781ca1-b218-4197-ab51-11961a14b928,asystole.kids,available,7.98,29.98,medium,low,8,namecheap,,,20/09/2026 18:57
a081b566-1d17-4241-bcca-e26deb1659ad,jowly.kids,available,6.79,19.99,medium,low,5,namesilo,,,14/08/2026 16:48
1d036b54-6f61-41c5-8fee-a9b0cb93dcc8,derivable.kids,available,6.79,19.99,medium,low,9,namesilo,,,14/08/2026 03:00
9f35e1fc-300b-4d25-922b-b245f806e0c5,negatively.kids,available,6.79,19.99,medium,low,10,namesilo,,,15/09/2026 16:24
58127610-f296-4d65-aef8-c2f6fe382516,relevantly.kids,available,6.79,19.99,medium,low,10,namesilo,,,15/09/2026 22:59
79ac64d8-775e-4ba0-ad0c-dcb1a2dd55b1,decimal.kids,premium,375,22.5,high,low,7,name.com,,,13/08/2026 21:27
0164bb22-ec85-43c1-ac67-4b23b4764519,copyright.kids,premium,390,23.4,high,low,9,namecheap,,,24/09/2026 18:10
77a7d6ea-9884-435f-806c-bf5a0a2323f8,kingly.kids,premium,53.92,21.24,high,low,6,namesilo,,,22/08/2026 16:17
c50ea98e-7c21-4acb-985e-4da7752d6d2b,tuesday.kids,premium,375,,high,low,7,name.com,,,
7d19ded2-2d76-4892-94ca-c0a522fc3fd6,ani.kids,available,6.79,19.99,high,low,3,namesilo,,,19/09/2026 08:25
8f471723-e25b-4a4b-aa5f-d9096cafb49b,inches.kids,available,6.79,19.99,low,low,6,namesilo,,,25/09/2026 20:47
22ca7a03-40fe-438e-8f00-ce9ae122947f,cataphatic.kids,available,7.98,29.98,medium,low,10,namecheap,,,11/08/2026 21:04
f2992cdf-18b4-407d-ad6d-bf40d9528cb0,exceeding.kids,premium,53.92,21.24,high,low,9,namesilo,,,17/08/2026 15:59
5d76098b-f9d2-4870-93c2-286ba272e591,cloves.kids,available,6.79,19.99,medium,low,6,namesilo,,,17/09/2026 13:15
23b96c82-b19a-4b52-ba22-dfd477bce80d,keychains.kids,available,7.98,29.98,medium,low,9,namecheap,,,21/09/2026 02:44
15b7b725-76f8-4011-a9ec-70a801290fff,loverly.kids,available,6.79,19.99,medium,low,7,namesilo,,,24/08/2026 10:16
980d788a-dad8-4973-acda-cf22fcdbb100,inner.kids,premium,53.92,21.24,high,low,5,namesilo,,,22/08/2026 05:54
53b6b83f-85ae-4462-a1ed-01d2e0606686,enjoyed.kids,available,7.98,29.98,high,low,7,namecheap,,,25/09/2026 20:42
ac203dea-b018-4993-84ba-797166645369,smirks.kids,available,6.79,19.99,low,low,6,namesilo,,,20/09/2026 14:28
00acfa9f-bcec-4cc0-ab81-4c50f5b745ed,wimpy.kids,available,6.79,19.99,medium,low,5,namesilo,,,13/09/2026 12:06
41ac9607-4d6b-484b-be21-6596547197ce,goit.kids,available,6.79,19.99,high,low,5,namesilo,,,17/09/2026 17:43
941abf6f-3bf5-4a7d-b42c-8ae969213702,shelby.kids,available,6.79,19.99,high,low,6,namesilo,,,25/09/2026 15:30
08d3aea5-6b95-4504-8ea5-dbc092bf0357,gaston.kids,available,7.98,29.98,high,low,6,namecheap,,,25/09/2026 12:38
d4bf2d01-2b4a-4d34-bfdb-f158a67603c7,muffled.kids,available,6.79,19.99,medium,low,7,namesilo,,,03/09/2026 10:26
3c0a817f-f2c5-486a-a988-a6879414f12f,openly.kids,available,7.98,29.98,high,low,6,namecheap,,,15/09/2026 17:59
d1c80352-0e53-47b9-8099-1d2c39dca920,leeward.kids,premium,53.92,21.24,medium,low,7,namesilo,,,22/08/2026 22:34
e5035c2a-be5e-459d-a25a-cd2afb14c825,modified.kids,available,6.79,19.99,high,low,8,namesilo,,,25/08/2026 03:15
cabbd786-a1b9-454f-ad9e-c935268f41c0,lilting.kids,available,6.79,19.99,high,low,7,namesilo,,,23/08/2026 08:41
29a32b08-aec2-4dad-b8be-f3dd9e7a4b8d,contrite.kids,premium,53.92,21.24,high,low,8,namesilo,,,12/08/2026 23:34
8fd15b8d-2f8d-4cba-ac2f-8b8d19082395,antido.kids,available,6.79,19.99,medium,low,6,namesilo,,,19/09/2026 14:17
5402ad77-8c99-42f7-ae94-ee9dce037c9e,participating.kids,available,9.99,,medium,low,13,name.com,,,
d062f513-bbec-405a-a849-d681dc6042e2,nee.kids,premium,53.92,21.24,medium,low,3,namesilo,,,03/09/2026 14:47
a3125206-6b03-4e06-88a4-51304cd18931,tina.kids,available,9.99,33.99,high,low,4,name.com,,,25/09/2026 19:58
6d4eebd0-40ff-49f1-9fb4-38860c6312ed,dystopian.kids,available,6.79,19.99,medium,low,9,namesilo,,,14/08/2026 22:10
b55e23ac-39e7-44e3-ad1e-3aeca6b706ab,beyond.kids,premium,375,,high,medium,6,name.com,,,
ab0fc189-d850-4cb2-a5d9-0bb7e0eb235d,conclusion.kids,premium,53.92,21.24,high,low,10,namesilo,,,23/09/2026 14:51
043d5404-a817-4e13-a672-38f8102993e2,jefferson.kids,premium,53.92,21.24,high,low,9,namesilo,,,25/09/2026 23:16
9d7382ed-78f8-4fa7-aafa-a5492c4c0836,nickname.kids,premium,384,21.24,high,low,8,namesilo,,,24/09/2026 11:25
fa8ee827-2a25-4b89-88d3-27df001d1678,digitate.kids,available,6.79,19.99,medium,low,8,namesilo,,,14/08/2026 07:19
e93ead62-a01f-4c33-aed9-d660b2db4900,ruthful.kids,available,6.79,19.99,medium,low,7,namesilo,,,12/08/2026 23:40
ac8d38f4-49f7-4096-ac91-71ade1731993,cerium.kids,premium,53.92,21.24,high,low,6,namesilo,,,14/09/2026 06:07
eb2ef056-5bae-41e6-89c5-55ff157be927,nebulizer.kids,available,6.79,19.99,high,low,9,namesilo,,,21/09/2026 00:21
2066a531-7207-42dc-be2c-77613631d6a9,unkept.kids,available,6.79,19.99,medium,low,6,namesilo,,,12/09/2026 14:09
bf338eaa-39b8-4852-b171-0f5ac79915e4,shocking.kids,premium,53.92,21.24,medium,low,8,namesilo,,,24/09/2026 11:12
b2b194d7-1f11-453d-9d35-dd404e5c09e4,hamburger.kids,premium,375,,high,low,9,name.com,,,
3140aaea-0d3b-4236-9563-9e6bf586f963,funfair.kids,available,6.79,19.99,high,low,7,namesilo,,,24/09/2026 16:14
c08c4b97-1d4b-4d13-814b-a94b80fa4eca,uncontrollable.kids,premium,53.92,21.24,medium,low,14,namesilo,,,
ae2dadc3-c40a-4111-87f5-d6fc962cd898,extraneous.kids,premium,62.5,22.5,medium,low,10,name.com,,,17/08/2026 19:20
b81cb07a-45d0-48ce-b37a-249014b95be2,prize.kids,premium,53.92,21.24,high,low,5,namesilo,,,12/08/2026 06:35
dac80855-7e94-4f0d-9bfa-08b43a282535,activator.kids,available,6.79,19.99,high,low,9,namesilo,,,17/09/2026 05:10
f7641dd2-9bd8-4551-805d-ecb1a5b2eb43,temporary.kids,premium,384,21.24,high,low,9,namesilo,,,25/09/2026 07:53
1fe0898c-da08-4bff-9474-19dee2bd5d0c,sextet.kids,available,6.79,19.99,high,low,6,namesilo,,,
fde8f5fd-cd3a-4422-801e-a3e1a016dd43,postural.kids,available,6.79,19.99,medium,low,8,namesilo,,,09/09/2026 00:40
b38df05e-87e5-41ba-b55b-39f1e92a2371,oversight.kids,premium,53.92,21.24,high,low,9,namesilo,,,
df863430-3445-4ffb-be14-1e158c5ab9b1,witching.kids,premium,53.92,21.24,high,low,8,namesilo,,,13/09/2026 12:46
f39ab5ca-0f84-4581-baad-c9e4c84416ab,sticky.kids,premium,375,22.5,high,low,6,name.com,,,16/08/2026 07:55
53d34e40-50f6-4a56-b647-b164fa9318dd,blacksnake.kids,premium,53.92,21.24,medium,low,10,namesilo,,,24/09/2026 01:28
fd7fc35b-cb60-40f0-bd9d-7bcc9bdcad1d,aquiline.kids,premium,53.92,21.24,medium,low,8,namesilo,,,06/08/2026 11:01
110cb749-cfa0-4492-b5f4-10daf48ef78c,lager.kids,available,6.79,19.99,high,low,5,namesilo,,,
c4efc43b-d776-4038-819b-23f72a09c995,basting.kids,available,6.79,19.99,medium,low,7,namesilo,,,22/09/2026 12:43
d26e8bc3-d4fd-4d3e-a42e-a9f5b7b92db3,traction.kids,premium,53.92,21.24,high,low,8,namesilo,,,
cca429ee-7bad-4882-bb8e-e149c54dc35d,almaty.kids,premium,53.92,21.24,medium,low,6,namesilo,,,18/09/2026 12:22
0ad28b01-8dd0-4a6e-b891-a44889e04fbc,ascii.kids,premium,53.92,21.24,high,low,5,namesilo,,,18/09/2026 20:43
db911611-1ad4-447a-bed1-926c24f33335,resonant.kids,premium,53.92,21.24,high,low,8,namesilo,,,17/08/2026 15:19
4ffb3bdb-6550-478e-baed-ab737a0d7b70,bergen.kids,premium,53.92,21.24,high,low,6,namesilo,,,23/09/2026 09:19
b0bb8627-1022-4dc0-a9b9-07d0b2fd74c4,leathery.kids,premium,53.92,21.24,medium,low,8,namesilo,,,13/08/2026 01:13
7263a19c-aec1-4b5e-9b32-0fca90e291ce,iniquity.kids,premium,53.92,21.24,medium,low,8,namesilo,,,17/08/2026 15:08
038b2577-1268-459f-9010-704a21a7c047,abyssal.kids,premium,53.92,21.24,medium,low,7,namesilo,,,
c1dc4716-c708-4d59-9f2e-ba45380fcf5e,similarly.kids,available,9.99,,medium,low,9,name.com,,,
7ce5ebaf-a12f-48d5-b4e4-7faab0f0be47,alkene.kids,available,6.79,19.99,medium,low,6,namesilo,,,18/09/2026 08:28
238498f5-5086-43e2-ac21-f3825ff7ae69,unwrapped.kids,available,6.79,19.99,medium,low,9,namesilo,,,12/09/2026 22:53
a8d1a616-0049-47d4-a251-3555b13f73f8,bind.kids,premium,53.92,21.24,high,low,4,namesilo,,,22/09/2026 00:54
b66b68cc-cae7-4956-9fb5-5abedd2d0aa6,piano.kids,premium,375,,high,low,5,name.com,,,
b2139465-49c5-4cdc-9004-ecaf6279c254,mop.kids,premium,62.5,,high,low,3,name.com,,,
082446a0-aef1-4d2c-9a56-45444b9a297c,fastest.kids,available,7.98,29.98,high,low,7,namecheap,,,14/09/2026 17:49
607835b5-69fa-46bf-b29a-1f9ccc4576de,alienist.kids,available,6.79,19.99,medium,low,8,namesilo,,,18/09/2026 07:40
8889c8fb-cc18-447a-8f3b-78bda378d7de,manzanita.kids,premium,53.92,21.24,medium,low,9,namesilo,,,20/09/2026 01:04
56bc9aa8-cbe9-40a2-8e48-eb24ba34a5fa,norvasc.kids,available,6.79,19.99,medium,low,7,namesilo,,,18/09/2026 21:58
f06e2f74-06de-4c0a-8cbf-d0bdad498866,ames.kids,available,6.79,19.99,high,low,4,namesilo,,,25/09/2026 12:32
2c3c4fd5-9bd6-48dc-9577-29f00c39c1f4,focally.kids,available,7.98,29.98,medium,low,7,namecheap,,,14/09/2026 19:10
46c740fe-33d3-4ce9-be4c-344be4e870c1,pinochle.kids,premium,62.5,22.5,high,low,8,name.com,,,23/09/2026 12:19
3d758f0c-caaf-4e0e-ac11-93d4101ec2e5,lay.kids,premium,53.92,21.24,high,low,3,namesilo,,,25/09/2026 13:03
77d6e1e9-9fa2-48d2-abe5-f23810d3129b,worried.kids,premium,53.92,21.24,high,low,7,namesilo,,,24/09/2026 11:23
dfd6f9a9-f658-41ae-aa27-379d2fa6f91b,aroid.kids,available,6.79,19.99,medium,low,5,namesilo,,,06/08/2026 11:30
7a67f585-4414-4f45-808f-c732e55d3c36,derelict.kids,premium,53.92,21.24,high,low,8,namesilo,,,21/09/2026 13:39
09d4a1f3-a01c-4521-9017-7a371ef18e46,hospitably.kids,available,6.79,19.99,medium,low,10,namesilo,,,15/09/2026 01:10
acc230e7-1013-4375-83e9-3e137ce751a4,illness.kids,premium,375,,high,low,7,name.com,,,
3e30d33c-8bb1-421a-8d15-08b35f900dd8,dreamily.kids,available,6.79,19.99,medium,low,8,namesilo,,,14/09/2026 14:15
10ffd085-23a0-4baa-a34d-2c6b1100225f,acolyte.kids,premium,53.92,21.24,medium,low,7,namesilo,,,17/09/2026 02:00
fad6b034-bafe-4419-bd9e-efa4c1a00803,factory.kids,premium,384,21.24,high,low,7,namesilo,,,25/09/2026 22:41
18e95c24-1702-46f8-8d23-d8aead06e1f9,balaton.kids,premium,65,23.4,medium,low,7,namecheap,,,21/09/2026 21:18
3eb09525-829b-4e85-b562-9c72505ed2c5,endogamic.kids,available,6.79,19.99,medium,low,9,namesilo,,,17/08/2026 01:11
9e0de114-bd84-45ec-96a3-230e11edae52,insinuate.kids,premium,53.92,21.24,high,low,9,namesilo,,,22/08/2026 08:35
f2fb8093-90cf-4d82-ba25-872c8776a93b,discus.kids,premium,53.92,21.24,high,low,6,namesilo,,,24/09/2026 22:35
79cabb20-ba3a-434a-9a33-8e4371b258f5,airwoman.kids,available,6.79,19.99,medium,low,8,namesilo,,,17/09/2026 23:25
31d5a49d-d304-4f0e-b844-f562fe542d05,verminous.kids,available,6.79,19.99,medium,low,9,namesilo,,,13/09/2026 04:05
478f35d5-6c47-4cbc-a8f7-7afe25385511,thus.kids,premium,62.5,,high,low,4,name.com,,,
9752d790-e0da-4702-88f2-16f242489668,braille.kids,premium,53.92,21.24,high,low,7,namesilo,,,24/09/2026 08:01
6f959695-d539-4a83-a274-0bcaa06f7706,dissection.kids,premium,53.92,21.24,high,low,10,namesilo,,,24/09/2026 23:04
964c81d2-2a71-4342-af58-7c91531e64bb,triad.kids,premium,53.92,21.24,high,low,5,namesilo,,,
770de2cd-e751-42ae-b694-7054ead30841,visit.kids,premium,53.92,21.24,high,low,5,namesilo,,,24/09/2026 13:53
21757756-467e-4278-b4df-eb68d1354917,florid.kids,premium,53.92,21.24,medium,low,6,namesilo,,,07/08/2026 17:26
4161d352-9f41-4a5e-a196-83384bc78448,erik.kids,available,6.79,19.99,high,low,4,namesilo,,,25/09/2026 14:19
949b1917-235c-4280-ab2d-4872714107c0,appetiser.kids,premium,65,23.4,high,low,9,namecheap,,,19/09/2026 20:48
44f29b12-a79f-4774-abd5-2cf13fc305e7,glacial.kids,premium,53.92,21.24,medium,low,7,namesilo,,,18/08/2026 16:28
b13fca75-127f-4f17-b663-3a7c08f3ca02,zombie.kids,premium,384,21.24,high,low,6,namesilo,,,21/09/2026 07:05
96e8668a-015d-453e-9d90-1dd4aad70aa5,angel.kids,premium,375,,high,low,5,name.com,,,
f11f1a0a-b0ec-4818-9bba-7da0f9d8c2da,retire.kids,premium,53.92,21.24,high,low,6,namesilo,,,
75c593b3-f553-4ace-ba9a-48089f79c604,bordello.kids,available,7.98,29.98,medium,low,8,namecheap,,,21/09/2026 18:17
251e5d77-7cab-4506-9df3-d85a61e54587,tethered.kids,available,6.79,19.99,medium,low,8,namesilo,,,11/09/2026 12:10
2c2e363c-889c-4070-b00b-3f72347c3555,nauseous.kids,premium,53.92,21.24,medium,low,8,namesilo,,,24/08/2026 08:24
538574e0-c815-4ab9-ac10-2a708d0ff202,fantasm.kids,available,6.79,19.99,high,low,7,namesilo,,,08/09/2026 18:39
3d85cbc4-fc4c-4323-bd33-85aefc625102,raiment.kids,premium,65,23.4,medium,low,7,namecheap,,,19/09/2026 19:57
9742e65d-dcf1-4b1e-84fb-4294bf30d5b4,unburied.kids,available,6.79,19.99,medium,low,8,namesilo,,,12/09/2026 04:40
67c20cef-1fc5-4667-94ce-484b3dfaf184,arrowsmith.kids,available,6.79,19.99,medium,low,10,namesilo,,,20/09/2026 09:31
7c9cf4c4-8f6c-4d46-ac25-34a1764d2270,rowland.kids,available,7.98,29.98,high,low,7,namecheap,,,25/09/2026 15:13
69f45b4b-ce6a-48de-a3da-a62ee6694294,dies.kids,available,6.79,19.99,medium,low,4,namesilo,,,25/09/2026 16:12
d7c14cf0-8b44-4967-a10a-6244bbe0d320,stuffy.kids,premium,53.92,21.24,high,low,6,namesilo,,,
2f195e7e-e2f1-4d0e-8a73-237464a1e4ff,pithy.kids,premium,53.92,21.24,high,low,5,namesilo,,,19/09/2026 23:01
7c83ebf0-a145-40d3-ba90-97cd8d3f1d70,henceforth.kids,premium,53.92,21.24,medium,low,10,namesilo,,,15/09/2026 00:15
e049ad02-44d0-499d-842b-016b5861f8a8,possibilities.kids,available,6.79,19.99,medium,low,13,namesilo,,,16/09/2026 10:01
4189c92f-48c6-43e4-bdde-e3958bba788f,dependency.kids,premium,53.92,21.24,medium,low,10,namesilo,,,17/09/2026 06:56
d0bd4d0f-e32f-4006-b43e-3f07e29b2051,uncanny.kids,premium,53.92,21.24,high,low,7,namesilo,,,16/08/2026 02:23
95cd4cc2-b496-4d26-a417-5e8ff8c932ea,barnum.kids,premium,53.92,21.24,high,low,6,namesilo,,,22/09/2026 06:55
9970bb91-01ec-4498-aac4-abf4f88cc156,taciturn.kids,premium,53.92,21.24,medium,low,8,namesilo,,,11/09/2026 06:58
ed6c16a1-2d59-4f46-9ca8-3ac8b507db7b,baal.kids,available,7.98,29.98,high,low,4,namecheap,,,21/09/2026 12:05
b718d104-b8db-4f8d-9507-125561296985,balsam.kids,premium,53.92,21.24,high,low,6,namesilo,,,22/09/2026 00:04
7b18d5eb-f8e7-46cd-ae7f-9c6d6d58d9db,hua.kids,available,6.79,19.99,high,low,3,namesilo,,,18/09/2026 01:18
b8bb4d23-fca3-4ed9-a60b-10702e109530,fairs.kids,available,6.79,19.99,high,low,5,namesilo,,,
88e17ea9-7785-4f48-9383-6993a18d34a7,ado.kids,premium,53.92,21.24,high,low,3,namesilo,,,17/09/2026 09:17
84ef9df1-0c58-4a5a-b73d-b4b9c38b1137,bemidji.kids,available,6.79,19.99,high,low,7,namesilo,,,23/09/2026 07:16
28040a4b-a00a-4908-9d0d-19777da69d45,blinded.kids,available,6.79,19.99,medium,low,7,namesilo,,,10/08/2026 14:24
64350f26-fa2b-4da2-8b64-73e6833340ad,acerb.kids,available,6.79,19.99,medium,low,5,namesilo,,,
b08d8a51-0468-4910-89f5-52808559349e,unconfused.kids,available,6.79,19.99,medium,low,10,namesilo,,,12/09/2026 01:27
86210cf4-cdfd-4777-ba3f-306b6ca097dd,burred.kids,available,6.79,19.99,medium,low,6,namesilo,,,08/08/2026 17:23
35b8d388-5f19-4992-b225-26ba204874ec,practicality.kids,available,6.79,19.99,high,low,12,namesilo,,,16/09/2026 09:33
2e23a766-250b-4c7d-9350-0a66c098e47d,moonlike.kids,available,6.79,19.99,medium,low,8,namesilo,,,25/08/2026 05:49
eb2bbafe-6b72-45b0-8f17-455f927b733e,robin.kids,premium,375,,high,low,5,name.com,,,
57071817-9235-42ce-b82e-f5cefc0bc029,patronage.kids,premium,53.92,21.24,high,low,9,namesilo,,,21/09/2026 15:39
15ee31c1-18b3-452c-b16f-9c4418591f3f,actuator.kids,available,6.79,19.99,medium,low,8,namesilo,,,17/09/2026 05:24
841a0034-efa3-4914-b26c-6bcf87e519a3,winkle.kids,available,6.79,19.99,medium,low,6,namesilo,,,18/08/2026 06:48
b3159b83-1fbc-4f36-a56f-e2c29adb5194,aisle.kids,premium,65,23.4,high,low,5,namecheap,,,17/09/2026 23:28
6f503bb6-621e-4af7-b8a1-86b4c52b994c,tahoe.kids,available,6.79,19.99,high,low,5,namesilo,,,
6c86bc10-e719-4c87-914e-b5d3f8baeb05,sensitive.kids,premium,53.92,21.24,high,low,9,namesilo,,,
1237342c-037a-4480-b5a3-68aae4374947,earned.kids,available,6.79,19.99,high,low,6,namesilo,,,24/09/2026 12:59
267be560-7a87-4256-ac8c-0de24408066a,upcountry.kids,premium,53.92,21.24,medium,low,9,namesilo,,,24/08/2026 22:37
8d940ece-03fe-45e6-b033-21c331be0363,oxford.kids,available,,,high,low,6,,,,
4bc62ccf-73d0-4b68-87ef-dc4b7475fb95,enclosed.kids,available,6.79,19.99,high,low,8,namesilo,,,16/08/2026 22:21
5b1b0634-04fa-47b7-a906-1e1507f5bbe9,makomako.kids,available,7.98,29.98,medium,low,8,namecheap,,,20/09/2026 05:57
43f39299-eec6-493b-bcbb-6c319d85d42e,excitable.kids,premium,53.92,21.24,medium,low,9,namesilo,,,17/08/2026 16:22
e798605e-06a0-4504-b080-764f87df8efc,requirement.kids,premium,53.92,21.24,high,low,11,namesilo,,,
0da5cafe-5206-4859-9663-a0c34c83cd22,agleam.kids,available,6.79,19.99,medium,low,6,namesilo,,,
16333033-6460-42ba-9e4e-824613892851,tricolour.kids,premium,65,23.4,high,low,9,namecheap,,,11/09/2026 19:27
a42090b7-c3ae-44c8-be45-219034150f2f,argue.kids,premium,53.92,21.24,high,low,5,namesilo,,,
cf3bdf89-1569-4278-8ea4-89b6e69e74b7,dryly.kids,available,6.79,19.99,medium,low,5,namesilo,,,14/09/2026 14:21
5e2ed55f-72b6-47c3-9972-76e854e1f4df,formless.kids,premium,62.5,22.5,high,low,8,name.com,,,
8be42073-a9d9-4041-a2ce-5594e0bde6bf,plastic.kids,premium,65,23.4,high,low,7,namecheap,,,25/09/2026 21:21
bfce1332-1c32-4f0c-b6f4-60ef4fdc831e,accretion.kids,premium,53.92,21.24,high,low,9,namesilo,,,16/09/2026 23:14
a18b9bd9-ce11-406f-935f-b4dbfe170f6b,horse.kids,premium,384,21.24,high,low,5,namesilo,,,24/09/2026 13:18
87b8f271-2796-4a8d-95ff-cfd9119fac80,pantheist.kids,available,6.79,19.99,medium,low,9,namesilo,,,05/09/2026 01:06
6042cd24-b017-4ddd-a117-4866dae1ac25,atole.kids,available,6.79,19.99,medium,low,5,namesilo,,,20/09/2026 21:52
36149110-6b69-421d-b4bb-3c1d2b00617b,redwing.kids,available,6.79,19.99,high,low,7,namesilo,,,17/09/2026 16:57
9503ba49-f5d2-400c-8b25-c9a7b4340dc4,devious.kids,premium,53.92,21.24,medium,low,7,namesilo,,,14/08/2026 05:10
dec267a7-66ef-417d-871b-f4b35bbdab5b,cipher.kids,premium,53.92,21.24,high,low,6,namesilo,,,08/09/2026 15:11
6265e86d-9880-4fec-b7e5-d1eb2453ab10,limpid.kids,premium,53.92,21.24,high,low,6,namesilo,,,13/08/2026 09:41
1593dca0-e316-4a19-82d4-f46ed04472e3,bared.kids,available,6.79,19.99,medium,low,5,namesilo,,,22/09/2026 17:24
5446b727-b251-4bf1-ba2a-7e8cacfaddee,hazardous.kids,premium,53.92,21.24,medium,low,9,namesilo,,,21/08/2026 01:42
2ad9c3a2-49ad-4491-be8e-ae08c9b69778,reebok.kids,available,6.79,19.99,high,low,6,namesilo,,,
f8198ae1-4c5d-4cdd-8bf9-a63862d78fab,neighborhood.kids,premium,375,,high,low,12,name.com,,,
0a1734d4-62b2-4f10-ae2b-f12a9d18a459,suspension.kids,premium,53.92,21.24,high,low,10,namesilo,,,
75ba47a8-5310-4e25-8271-9536b1221eb0,deftly.kids,available,6.79,19.99,high,low,6,namesilo,,,14/09/2026 11:20
0e9f76a8-1a37-4578-80b4-70d1f8bfbf99,coefficient.kids,premium,62.5,,high,low,11,name.com,,,
7fc34d1d-d807-4cd7-a864-44749eb80056,ruthenium.kids,premium,53.92,21.24,medium,low,9,namesilo,,,20/09/2026 23:08
a01650b9-0d16-4af7-a33a-c10b57a38365,threadbare.kids,premium,53.92,21.24,medium,low,10,namesilo,,,08/08/2026 11:10
638fcdf5-3995-4953-9f08-5d90048440d0,retracted.kids,available,9.99,,medium,low,9,name.com,,,
f0676aa9-0aaf-4f82-9b3c-b7e47ca1814b,twopenny.kids,available,6.79,19.99,medium,low,8,namesilo,,,10/09/2026 09:10
91995a01-91ad-4815-8a35-9b13c41a1d09,sported.kids,available,6.79,19.99,medium,low,7,namesilo,,,20/09/2026 16:50
39580f8c-dea7-467d-b160-73f0c849f360,alto.kids,premium,53.92,21.24,high,low,4,namesilo,,,
a23944e6-4d64-48bb-96b7-c716f6c8fc19,sara.kids,available,7.98,29.98,high,low,4,namecheap,,,25/09/2026 21:30
e5461f96-beba-4a0a-95d3-f04eaaffc6a5,antwerp.kids,premium,65,23.4,medium,low,7,namecheap,,,19/09/2026 15:48
86c394f9-1ff7-4bc1-81ba-0220c709fc66,oblique.kids,premium,53.92,21.24,high,low,7,namesilo,,,14/08/2026 05:11
0cb071ab-7269-43c4-9f3f-07d29c6be956,confusing.kids,available,7.98,29.98,high,low,9,namecheap,,,23/09/2026 20:14
15992021-6220-4bbc-9de6-150d8fe5b784,paths.kids,available,6.79,19.99,medium,low,5,namesilo,,,18/09/2026 10:52
a6b7b004-8c32-4cd0-b374-df23bf8ee5f2,answerer.kids,available,6.79,19.99,medium,low,8,namesilo,,,19/09/2026 12:14
d9330456-6257-488f-94f6-07b279ed8ffa,enchained.kids,available,6.79,19.99,medium,low,9,namesilo,,,12/08/2026 01:24
63bdace2-87e5-4893-91e6-864f844d8955,ethyne.kids,premium,53.92,21.24,medium,low,6,namesilo,,,17/09/2026 00:23
dedb425b-8e68-48a5-8dc6-9fba3a19e582,reasonably.kids,available,7.98,29.98,medium,low,10,namecheap,,,25/09/2026 11:58
94d3cee2-1f1c-474e-a98c-78e79c884745,coalition.kids,premium,53.92,21.24,high,low,9,namesilo,,,18/09/2026 07:45
5eca58ee-462f-4d0d-a7f7-39d2a059ece1,unlivable.kids,available,6.79,19.99,medium,low,9,namesilo,,,12/09/2026 14:57
8f6f2679-f3c1-4730-9c3d-6aae54c0e621,facts.kids,premium,390,23.4,high,low,5,namecheap,,,23/09/2026 17:41
9c1d253e-23e4-48dd-89db-d988b6d78ab0,dicker.kids,premium,62.5,22.5,medium,low,6,name.com,,,22/09/2026 05:30
2ecd34fe-16ca-4021-a204-680ed9a03411,informs.kids,available,6.79,19.99,high,low,7,namesilo,,,20/09/2026 13:37
b8163fbd-1907-4364-b5ea-4055f78a3546,inviolate.kids,premium,53.92,21.24,high,low,9,namesilo,,,22/08/2026 09:06
88a0c6d8-30bd-4972-a47d-3a4b4abe61fc,opinions.kids,available,6.79,19.99,high,low,8,namesilo,,,17/09/2026 07:35
72f12ede-529d-4cea-8200-d00e7bfc1311,angle.kids,premium,53.92,21.24,high,low,5,namesilo,,,25/09/2026 13:22
0614a783-fb7a-44d2-b680-0b7a38f4503d,popish.kids,available,6.79,19.99,medium,low,6,namesilo,,,05/09/2026 01:32
3f1cff5f-32d8-4970-9ebd-2ebbff51f7b7,fever.kids,premium,375,,high,low,5,name.com,,,
f6cbca42-3a82-4ead-93b2-5ab2ef4ceaa0,crypt.kids,premium,390,23.4,high,low,5,namecheap,,,24/09/2026 19:58
ecec02e1-83c4-4982-a76d-1d144aa53a0a,philanthropic.kids,premium,375,,high,low,13,name.com,,,
02ecf09b-530d-42bc-8437-01df1879604f,katharsis.kids,available,6.79,19.99,medium,low,9,namesilo,,,16/09/2026 17:05
fa4dee08-fc99-48b5-bb18-a91a7fe61fd6,vegan.kids,premium,375,,high,medium,5,name.com,,,
4c3a38da-ef63-436f-922a-c2ee88fa4ff7,thereafter.kids,premium,53.92,21.24,high,low,10,namesilo,,,16/09/2026 08:38
de90b8c9-4163-4412-8455-23c5e7bad89f,wealth.kids,premium,384,21.24,high,low,6,namesilo,,,25/09/2026 04:29
d744038e-9d4d-4afd-8919-cd273c967129,nosy.kids,premium,53.92,21.24,medium,low,4,namesilo,,,03/09/2026 21:48
2a8b12d0-56a2-4303-86f2-508a6a8a33b2,liberian.kids,available,6.79,19.99,medium,low,8,namesilo,,,23/08/2026 00:47
eb6db5be-9d6c-4713-9e1b-01d4836687d8,episcopal.kids,premium,53.92,21.24,high,low,9,namesilo,,,17/08/2026 11:09
58c3ce4e-b9e9-4aad-9482-91cb26afcbcb,satisfied.kids,available,6.79,19.99,high,low,9,namesilo,,,
10137b65-0889-4a1e-b1a8-6e021ef24749,arcturus.kids,premium,65,23.4,medium,low,8,namecheap,,,20/09/2026 03:01
634d46e9-607e-48c4-a7f6-fc9c2d621e06,scaly.kids,premium,53.92,21.24,medium,low,5,namesilo,,,23/08/2026 00:05
a1966570-3065-4bcf-a573-2f72296720d8,constancy.kids,premium,53.92,21.24,high,low,9,namesilo,,,24/09/2026 17:32
2c97ef45-1c54-4ddb-ada7-a4090b070eb5,unafraid.kids,available,6.79,19.99,high,low,8,namesilo,,,10/09/2026 01:28
d441004d-8733-4fc8-97ae-b540083e4205,everett.kids,available,6.79,19.99,high,low,7,namesilo,,,25/09/2026 21:45
7b4a9f9e-10ee-484a-b35c-c5d98971b07e,fasten.kids,premium,53.92,21.24,high,low,6,namesilo,,,
9c537e0b-5c67-484d-aa20-4022a3589b28,conversation.kids,premium,384,21.24,high,low,12,namesilo,,,26/09/2026 00:44
3b0dd7eb-20b7-4653-adff-21cee30e6a13,mash.kids,premium,53.92,21.24,high,low,4,namesilo,,,
d739d55f-75c0-4ca6-9e46-be8ae6531fed,stood.kids,premium,53.92,21.24,medium,low,5,namesilo,,,
7e328dec-c549-4221-82e1-0cd6bcc4906d,theorise.kids,premium,53.92,21.24,high,low,8,namesilo,,,24/09/2026 17:20
4e3ee864-806b-4ab9-af16-48c9b00eb15c,communist.kids,premium,65,23.4,high,low,9,namecheap,,,23/09/2026 16:14
7ae67788-2712-4ec9-9185-984c963eec3f,portable.kids,premium,53.92,21.24,high,low,8,namesilo,,,
068ea12f-94b4-498c-89c3-c66c4db74c2a,bandanna.kids,premium,65,23.4,high,low,8,namecheap,,,22/09/2026 00:59
949f2b6d-b3cd-45d6-8600-ecc9691deccc,helpful.kids,premium,53.92,21.24,high,low,7,namesilo,,,21/08/2026 06:37
a88c6173-0f63-4a29-b375-29901f5f7b81,skype.kids,available,6.79,19.99,high,medium,5,namesilo,,,
085bca2f-56e8-4b57-8eed-f5bf1fdb3f2b,dime.kids,premium,53.92,21.24,high,low,4,namesilo,,,
9c263bf4-341a-479c-bb19-558fc16d2ddb,rumour.kids,premium,53.92,21.24,high,low,6,namesilo,,,21/08/2026 02:08
3191bac4-186e-41b7-b05d-e898904e8495,drippy.kids,available,6.79,19.99,medium,low,6,namesilo,,,09/08/2026 00:32
222a5f78-7eb1-4d33-95ad-84285c196332,fear.kids,premium,53.92,21.24,high,low,4,namesilo,,,24/09/2026 12:06
fe18c588-9532-4671-a489-8ecc74828ad0,slugger.kids,premium,53.92,21.24,high,low,7,namesilo,,,22/09/2026 14:18
a3b33133-665d-4723-90d1-31a6bf5c97ea,pitfall.kids,premium,53.92,21.24,medium,low,7,namesilo,,,
aef9b35a-2e45-4550-abc9-952672236bdb,prattle.kids,premium,53.92,21.24,medium,low,7,namesilo,,,23/09/2026 23:32
c0bbc42b-38cf-4978-a12a-4cd23d64af53,profitless.kids,available,6.79,19.99,medium,low,10,namesilo,,,09/09/2026 02:50
a2bdea4a-f790-4d3c-949f-c069a9058b3b,altaic.kids,available,6.79,19.99,medium,low,6,namesilo,,,
792669f7-a457-4acf-9745-4a4349394ef3,wholemeal.kids,available,6.79,19.99,high,low,9,namesilo,,,13/09/2026 11:17
682d4bc3-c0c5-4676-ab5e-cd38fa155bbd,acheron.kids,available,6.79,19.99,medium,low,7,namesilo,,,17/09/2026 00:29
50cb4ef1-fcd9-4cb1-a8fd-85a72e0af634,craven.kids,premium,53.92,21.24,medium,low,6,namesilo,,,13/08/2026 05:27
726c05f2-6b42-49c9-9768-f9c31ded03d9,benedick.kids,available,6.79,19.99,high,low,8,namesilo,,,23/09/2026 07:51
bbe46d9f-2d44-498b-8484-07ded1bfa312,virtuoso.kids,premium,53.92,21.24,high,low,8,namesilo,,,21/09/2026 17:38
6b8c9b02-6254-4196-a81e-a2046f5c7fe5,unbridled.kids,premium,53.92,21.24,high,low,9,namesilo,,,12/09/2026 04:31
d35a8f2f-3793-437c-acd0-d2b779a6e2f2,ballet.kids,premium,854,21.24,high,low,6,namesilo,,,21/09/2026 22:51
58e822a1-6fab-4dc0-8efe-82ab5b2a50dc,epizoon.kids,available,7.98,29.98,medium,low,7,namecheap,,,15/08/2026 00:52
1b5391b6-41a5-4f6d-b9e5-4a667b7564d0,exilic.kids,available,6.79,19.99,medium,low,6,namesilo,,,17/08/2026 17:19
448d72b2-7333-4e41-8ca2-0dd6fa2ead42,ascendable.kids,available,6.79,19.99,medium,low,10,namesilo,,,07/08/2026 00:35
38d82d33-fb7f-4d89-a175-fe8db307caa2,house.kids,premium,62.5,22.5,high,medium,5,name.com,,,24/09/2026 18:37
9b97fa5a-9f7c-42f7-a49b-cf63bb89cb43,conrad.kids,premium,53.92,21.24,high,low,6,namesilo,,,25/09/2026 04:23
ead5c1b4-8116-46ec-a08e-da87714b4fcb,appetising.kids,premium,53.92,21.24,medium,low,10,namesilo,,,06/08/2026 06:50
64c632a6-ac60-49a0-862b-d27634f04fd8,undreamed.kids,premium,53.92,21.24,medium,low,9,namesilo,,,12/09/2026 08:22
17091c85-f87e-4fae-a518-530dae49637f,mammalian.kids,premium,53.92,21.24,high,low,9,namesilo,,,24/08/2026 14:19
eaef07ee-634f-43b0-b8af-32bc2cdccae7,radioactivity.kids,premium,53.92,21.24,medium,low,13,namesilo,,,
a68ed498-b43b-42d4-b6a3-503329eff990,kosovo.kids,premium,390,23.4,high,low,6,namecheap,,,25/09/2026 23:25
8b476d39-ac67-454e-a534-31c7505de8aa,repeatedly.kids,premium,53.92,21.24,medium,low,10,namesilo,,,15/09/2026 23:12
e447dc1a-694c-4eed-bb01-f0b157cc3fd7,gratuity.kids,premium,53.92,21.24,high,low,8,namesilo,,,21/09/2026 15:50
7ac69738-657f-448d-94d7-70c18478ef5a,barbet.kids,available,6.79,19.99,medium,low,6,namesilo,,,22/09/2026 04:53
f5bc2895-dbe7-4841-b2f8-e15ec40618ed,thready.kids,premium,53.92,21.24,medium,low,7,namesilo,,,18/08/2026 04:08
5b1b3170-2818-4a35-b0f1-a8223b769d6a,delectable.kids,premium,375,22.5,high,low,10,name.com,,,14/08/2026 00:21
85102449-7eda-488f-b298-8d3e576c8441,laughable.kids,premium,65,23.4,high,low,9,namecheap,,,23/09/2026 15:25
3b451f0a-172b-4184-97b1-211aaf5f2f14,pals.kids,available,6.79,19.99,high,low,4,namesilo,,,20/09/2026 10:42
ccdfc859-a66f-4e88-b4cf-03eb7ea96658,involve.kids,premium,53.92,21.24,high,low,7,namesilo,,,
532f806e-5bdc-411b-85e1-8598983d8e32,baseborn.kids,premium,53.92,21.24,low,low,8,namesilo,,,08/08/2026 21:34
ea4317b6-a009-4908-9754-27a8b08c9ede,forsaking.kids,available,6.79,19.99,medium,low,9,namesilo,,,16/09/2026 13:59
1231c448-e1ad-4a54-9dba-076fc2bcfe4b,colombo.kids,premium,53.92,21.24,high,low,7,namesilo,,,
08487f6d-e336-4757-9e91-f9076d656f1d,antipode.kids,premium,53.92,21.24,medium,low,8,namesilo,,,19/09/2026 14:58
5ecc6827-9199-4c1a-942b-eb41f8180d1c,ambit.kids,available,6.79,19.99,high,low,5,namesilo,,,18/09/2026 16:51
713f0ea1-0e28-4bce-80a3-1eb03caa3b14,mundane.kids,premium,53.92,21.24,high,low,7,namesilo,,,17/08/2026 14:55
7280e09b-6636-4911-aaf3-b7fa8b947fdf,untaught.kids,premium,65,23.4,high,low,8,namecheap,,,12/09/2026 18:56
ef4d3b91-e461-4535-80db-e60c6dca1fa8,transient.kids,premium,53.92,21.24,high,low,9,namesilo,,,24/09/2026 14:26
92310229-3ae3-4097-87d2-bead28a97c12,bang.kids,premium,375,,high,low,4,name.com,,,
bec94bd9-1950-43f7-a211-fcaf4f333084,cuteness.kids,available,6.79,19.99,high,low,8,namesilo,,,24/09/2026 20:43
c34a23c6-5999-41ee-8022-e2164de23a4a,pummel.kids,premium,53.92,21.24,medium,low,6,namesilo,,,23/09/2026 13:52
485be7cc-a2b7-4d98-828c-97551323e78f,amplitude.kids,premium,53.92,21.24,high,low,9,namesilo,,,18/09/2026 23:46
7b537acf-cc55-40f3-b80b-939eaa632b02,aorist.kids,available,7.98,29.98,medium,low,6,namecheap,,,19/09/2026 16:03
adeb3047-b523-492e-9321-725a3405d9a6,curled.kids,available,6.79,19.99,high,low,6,namesilo,,,13/08/2026 11:19
b4bb2a82-9a4b-43d0-bf83-759bab900798,tomorrow.kids,premium,53.92,21.24,high,medium,8,namesilo,,,
afd9b8d7-9d70-4f5a-8e0a-5a33b0134e8d,cosigner.kids,available,6.79,19.99,medium,low,8,namesilo,,,13/08/2026 02:49
f3482825-5c13-4a4c-a44e-cb8ffaac854e,woody.kids,premium,53.92,21.24,high,low,5,namesilo,,,06/08/2026 13:08
f475508e-b3da-458e-9d83-4a241c7d45c7,conforming.kids,available,7.98,29.98,high,low,10,namecheap,,,12/08/2026 21:11
a7153cb1-d48e-48b2-9bf5-be1f6a829d46,autoimmune.kids,available,6.79,19.99,medium,low,10,namesilo,,,07/08/2026 20:32
e8c3e01e-cd63-4a23-8284-ffc9a62c6e69,favour.kids,premium,65,23.4,high,low,6,namecheap,,,25/09/2026 05:51
f10f1ba3-8fb3-4889-a6f2-77dc30e1cb42,log.kids,premium,53.92,21.24,high,low,3,namesilo,,,
e5845cf4-54ec-42a3-8b69-579034b3eee6,peck.kids,premium,53.92,21.24,high,low,4,namesilo,,,25/08/2026 00:37
e51acc5a-9d27-4db4-aa0f-b139129dbcd4,encysted.kids,available,6.79,19.99,medium,low,8,namesilo,,,17/08/2026 00:44
0ac32ffa-9fa2-4777-a319-576475a3be20,aliveness.kids,available,6.79,19.99,high,low,9,namesilo,,,18/09/2026 08:09
bb58b46a-f267-4d74-a40b-a611fb4923a4,dreyfus.kids,available,6.79,19.99,high,low,7,namesilo,,,18/09/2026 06:30
2feba194-4af7-46e8-8cfe-a46f7efb74a4,absolution.kids,premium,65,23.4,high,low,10,namecheap,,,16/09/2026 17:57
baf4aca3-09df-48f2-a324-0724b1639e3b,endoscopic.kids,available,6.79,19.99,medium,low,10,namesilo,,,17/08/2026 01:19
153a3832-853c-4952-bd92-a541f4e21636,ascoma.kids,available,7.98,29.98,medium,low,6,namecheap,,,20/09/2026 13:22
eb9e913d-8c93-41ba-8e12-82fa8af13aaf,rooibos.kids,available,6.79,19.99,medium,low,7,namesilo,,,20/09/2026 14:38
c2215e87-8be6-4896-8580-574ee173e98c,disquiet.kids,premium,53.92,21.24,high,low,8,namesilo,,,24/09/2026 22:51
435dcd72-0426-4aaa-88cb-dd206d826e9b,untoasted.kids,available,7.98,29.98,medium,low,9,namecheap,,,12/09/2026 21:35
1b560b8d-8dab-45e1-8056-68d56ed43083,acetabulum.kids,available,6.79,19.99,medium,low,10,namesilo,,,16/09/2026 23:45
7e8205be-7a2c-4aa3-a3bd-77e50872658f,blender.kids,premium,53.92,21.24,high,low,7,namesilo,,,24/09/2026 05:44
079b7899-0340-4a42-86c3-a2b2f001942e,steadied.kids,available,7.98,29.98,medium,low,8,namecheap,,,10/09/2026 19:30
8d0484b1-7ac8-48e3-a43b-e97364f5b113,battalion.kids,premium,53.92,21.24,high,low,9,namesilo,,,22/09/2026 14:24
03e378f5-8e6b-4ee0-a622-c248386ac691,overladen.kids,available,7.98,29.98,medium,low,9,namecheap,,,04/09/2026 20:51
1d2cb2d0-bfc5-490c-8b65-5265807eefde,mutinous.kids,premium,53.92,21.24,medium,low,8,namesilo,,,03/09/2026 11:55
4cafc90c-b486-43e6-bd67-06ffa430f1a7,asana.kids,available,6.79,19.99,high,low,5,namesilo,,,20/09/2026 12:49
ba2dd0da-3eb3-4bae-891e-b7a796d9bcff,allhallows.kids,premium,53.92,21.24,medium,low,10,namesilo,,,18/09/2026 09:24
0dddf28c-57e3-4d7e-982a-a12d5834fdb4,gyral.kids,available,7.98,29.98,medium,low,5,namecheap,,,20/08/2026 21:19
a06152ce-6417-46f9-bfcd-da945c7a0e2f,debt.kids,premium,62.5,,high,low,4,name.com,,,
90876d0f-27b9-4a65-b613-b5029de047f4,uracil.kids,premium,53.92,21.24,medium,low,6,namesilo,,,11/09/2026 22:36
c4517ccb-f3f6-49e1-91e9-31808c323c86,anole.kids,available,7.98,29.98,medium,low,5,namecheap,,,18/09/2026 19:28
93f6ebee-055a-4bb5-8aa0-67e96c6d0d8b,starless.kids,available,7.98,29.98,medium,low,8,namecheap,,,10/09/2026 18:52
cb8e98cd-4292-450d-a819-083d5296f5bb,antalya.kids,available,7.98,29.98,high,low,7,namecheap,,,17/09/2026 06:10
58a70bfa-40d7-441f-b676-c5c09b1f15da,univocal.kids,available,6.79,19.99,medium,low,8,namesilo,,,12/09/2026 09:15
edeb7730-6206-4d78-bb4d-fc4a014e015e,apus.kids,available,6.79,19.99,medium,low,4,namesilo,,,19/09/2026 22:43
56aba709-1ebc-4b1a-842d-e26b73c2855c,nettled.kids,available,6.79,19.99,medium,low,7,namesilo,,,
6b01efe2-4c4f-4cf1-9a79-4cd95dcbba88,fledged.kids,available,6.79,19.99,medium,low,7,namesilo,,,18/08/2026 07:25
1617f987-802e-4994-b153-d40f358c61d4,steak.kids,premium,62.5,,high,low,5,name.com,,,
9338b35a-54a7-465a-8461-2953571f25ba,moot.kids,premium,53.92,21.24,high,low,4,namesilo,,,14/08/2026 00:31
e9d4784a-270e-4719-8731-ccfa6f41bc04,tidily.kids,available,9.99,33.99,medium,low,6,name.com,,,16/09/2026 09:05
0bfa7ca2-7f6d-49e6-9ef9-33990e947b96,alarmist.kids,premium,53.92,21.24,medium,low,8,namesilo,,,18/09/2026 01:59
c37810c9-4470-4861-878b-80270fa71549,drain.kids,premium,53.92,21.24,high,low,5,namesilo,,,24/09/2026 23:49
babb6a9f-ea10-485d-a63b-a5ec3b95b71d,deaf.kids,premium,375,22.5,high,low,4,name.com,,,13/08/2026 19:42
4214ba99-9c1a-4f80-af9d-f4c932ab052e,refundable.kids,available,6.79,19.99,high,low,10,namesilo,,,
83f88a90-efd3-4c5d-b937-c14a09678263,communication.kids,premium,384,21.24,high,low,13,namesilo,,,25/09/2026 03:16
c179d7d4-df23-426f-8f5b-0472a340e63e,ballup.kids,available,7.98,29.98,medium,low,6,namecheap,,,21/09/2026 23:27
1cd5dd81-980d-4567-88c7-19aa102bd80b,functions.kids,available,6.79,19.99,high,low,9,namesilo,,,17/09/2026 05:18
c67ca788-36a0-4f70-892c-85ca8d5040d0,backwash.kids,premium,53.92,21.24,medium,low,8,namesilo,,,17/09/2026 15:44
42fe6f6c-3a76-4238-a50d-8ca6bf55bc79,codified.kids,available,6.79,19.99,medium,low,8,namesilo,,,12/08/2026 15:19
6f4d3462-1954-4b51-bdd9-c91a85ff7fdb,asexually.kids,available,6.79,19.99,medium,low,9,namesilo,,,13/09/2026 22:03
b82102e1-b74e-4a29-81e7-19e06dc9b595,herd.kids,premium,65,23.4,high,low,4,namecheap,,,24/09/2026 19:45
ed50fc8c-83e8-478c-865b-aa4535fbeb45,untraveled.kids,available,6.79,19.99,medium,low,10,namesilo,,,12/09/2026 21:42
45aa7db1-b4f1-4900-86e5-cf8eab1b90d3,flee.kids,premium,53.92,21.24,high,low,4,namesilo,,,
4d1adf15-ee36-4fac-95b0-aa0ec0ba1bec,imminently.kids,available,6.79,19.99,medium,low,10,namesilo,,,15/09/2026 02:00
583a6d9b-56ca-4bf8-b003-d8ccb693eaaa,knee.kids,premium,53.92,21.24,high,low,4,namesilo,,,20/09/2026 11:27
7963b8bb-6e86-42c5-a50b-807cc30d67e4,draft.kids,premium,53.92,21.24,high,low,5,namesilo,,,23/09/2026 16:03
95c4f277-0217-4272-a97b-9dfc95e662f9,fogey.kids,premium,53.92,21.24,medium,low,5,namesilo,,,18/08/2026 13:10
80394fc6-96ca-4a45-b920-602baaaf23ca,idk.kids,available,6.79,19.99,medium,low,3,namesilo,,,
2dc675f6-474f-412a-afdc-8b67e7d37882,metastatic.kids,available,6.79,19.99,medium,low,10,namesilo,,,24/08/2026 21:49
a567d5ae-28ee-4d8b-b4d0-8fbcdc1ee533,herself.kids,premium,53.92,21.24,medium,low,7,namesilo,,,26/09/2026 03:24
21c631ac-c84c-4f4c-bc53-dc06dc110345,involved.kids,premium,53.92,21.24,high,low,8,namesilo,,,25/09/2026 11:16
d0f217d6-4c7d-43bc-8c7b-7c5be70c47dc,akron.kids,premium,53.92,21.24,high,low,5,namesilo,,,18/09/2026 00:14
30b83445-da35-4dce-b94c-849b61456550,windup.kids,premium,384,21.24,high,low,6,namesilo,,,13/09/2026 12:18
73aa4ded-0564-49b0-bf1b-73f80a2af006,exchanged.kids,available,6.79,19.99,high,low,9,namesilo,,,17/08/2026 16:20
1ce4d14b-9c8e-4f6d-bfa0-86ffcc8c037a,artwork.kids,available,6.79,19.99,high,low,7,namesilo,,,
292aac9e-4ad4-4228-b442-79bfd16ed9f3,asynchrony.kids,available,6.79,19.99,medium,low,10,namesilo,,,20/09/2026 18:41
0cf6dd24-29b8-47ca-a33d-ad8faec12f46,anderson.kids,resell,,,high,medium,8,"GoDaddy.com, LLC",20/06/2024 15:46,20/06/2027 15:46,26/09/2026 03:52
9f254509-af32-4f16-ac8a-ae0a4b0f7f56,beading.kids,premium,62.5,22.5,high,low,7,name.com,,,22/09/2026 19:27
21ae9a93-697b-45d1-86b8-a363ce9cba2c,cxx.kids,available,6.79,19.99,high,low,3,namesilo,,,
76ba80ce-cd8a-4e66-8aa5-3dc2f94deb77,finalize.kids,premium,53.92,21.24,high,low,8,namesilo,,,
f7bb3d19-7f4b-439d-bd6c-1813535c4362,promised.kids,available,6.79,19.99,high,low,8,namesilo,,,17/09/2026 11:24
231d4fa9-a06a-45e2-8a6d-3c1ec5b04882,sensed.kids,available,6.79,19.99,high,low,6,namesilo,,,08/09/2026 16:07
8236fd59-90b7-4589-a756-48d6e6789fd5,brimful.kids,available,6.79,19.99,medium,low,7,namesilo,,,11/08/2026 04:08
f4ace72f-7a72-40c5-975f-8132115baff2,bohme.kids,available,6.79,19.99,high,low,5,namesilo,,,23/09/2026 03:34
d8a53cf4-11b3-4dee-8341-21abc75c479c,andiron.kids,premium,53.92,21.24,medium,low,7,namesilo,,,19/09/2026 04:06
66347a5b-3382-4286-a70f-fc76ceb105b9,mucous.kids,premium,53.92,21.24,medium,low,6,namesilo,,,03/09/2026 10:14
276b7b60-124e-4725-b45a-d83231a1d20a,essex.kids,premium,53.92,21.24,high,low,5,namesilo,,,25/09/2026 05:41
716303fa-a02b-4f23-971b-ff9bd6a97d9d,otic.kids,available,6.79,19.99,medium,low,4,namesilo,,,07/08/2026 17:41
85732f9b-271c-47e8-84c6-0daba2f559da,anglican.kids,premium,53.92,21.24,high,low,8,namesilo,,,
70e2eef5-d35e-4900-bc33-6f95bf018cca,testator.kids,premium,53.92,21.24,medium,low,8,namesilo,,,11/09/2026 12:02
0bee2abb-64bc-4bdf-bfb5-2452acdd781e,blackcock.kids,available,7.98,29.98,medium,low,9,namecheap,,,24/09/2026 00:30
11785d66-e725-45dd-845a-ef92b5efdb65,sanative.kids,available,6.79,19.99,medium,low,8,namesilo,,,
d928c2b8-718f-4eb9-b3fd-76b46f634508,may.kids,premium,375,,high,low,3,name.com,,,
ab29840e-3bab-47bf-8605-fce662d30874,inorganic.kids,premium,53.92,21.24,high,low,9,namesilo,,,22/08/2026 06:11
e357e015-f2c1-43d4-9e07-65225b92e8fe,wisent.kids,available,6.79,19.99,medium,low,6,namesilo,,,21/09/2026 04:34
15d68434-3eee-4d7f-95a7-b35b0835813c,specular.kids,available,6.79,19.99,medium,low,8,namesilo,,,25/08/2026 01:15
f445b267-5192-4c00-9cd3-af8889cd41b3,octuple.kids,available,7.98,29.98,medium,low,7,namecheap,,,15/08/2026 21:25
e925d8a7-5901-41de-bbac-8446053ed30f,pebbly.kids,available,6.79,19.99,medium,low,6,namesilo,,,20/08/2026 18:47
1b38c81a-922d-4817-b7ca-1e7b8c19a39c,toxicant.kids,available,6.79,19.99,medium,low,8,namesilo,,,08/09/2026 22:42
66ebb1f5-f45b-4e88-a955-9319d1000969,lap.kids,premium,53.92,21.24,high,low,3,namesilo,,,
2244b9ff-473a-4452-a819-3242b9a8abf3,vertically.kids,available,9.99,33.99,medium,low,10,name.com,,,16/09/2026 10:53
0edf47e4-34f8-44d0-bfdb-6945bdf2ec10,btu.kids,premium,53.92,21.24,high,low,3,namesilo,,,21/09/2026 11:58
ba1b5aec-1a74-4401-b36e-1f1d01446b13,goat.kids,premium,375,,high,medium,4,name.com,,,
035d5c13-6d9f-4f7d-be74-b5a5e81c7c2b,bacillus.kids,premium,53.92,21.24,medium,low,8,namesilo,,,21/09/2026 11:42
c020b331-6548-4667-a050-6676fab7b102,raffish.kids,premium,62.5,22.5,medium,low,7,name.com,,,13/08/2026 17:31
778206a6-20ce-4461-a085-a6d00275325c,synoecious.kids,available,6.79,19.99,medium,low,10,namesilo,,,11/09/2026 06:29
74785cb5-5805-46e4-8df3-c9e45aec9af3,goddamned.kids,available,6.79,19.99,medium,low,9,namesilo,,,10/08/2026 12:48
ddbc0754-bc55-4113-aefe-4672f7bc533b,charitably.kids,available,6.79,19.99,medium,low,10,namesilo,,,14/09/2026 06:19
18c452dc-6222-4566-8c73-acf289f626bc,lordless.kids,available,6.79,19.99,low,low,8,namesilo,,,24/08/2026 09:52
65a435db-b67c-44d7-8803-0fc2d8070be7,horrifying.kids,available,6.79,19.99,medium,low,10,namesilo,,,18/08/2026 15:42
654f7ef7-cc90-4494-8eb1-f23f5335c4a0,monkish.kids,available,6.79,19.99,medium,low,7,namesilo,,,25/08/2026 04:53
dadf02bf-5493-4e3b-b78b-a4fbe7acbe96,put.kids,premium,53.92,21.24,high,low,3,namesilo,,,25/09/2026 13:13
49a3d54b-087f-415c-a350-fcd6e4db9cc8,fla.kids,available,6.79,19.99,high,low,3,namesilo,,,
53f101f7-0528-49f6-9c22-da7edbc6ba91,pardon.kids,premium,53.92,21.24,high,low,6,namesilo,,,
5f2cec30-1067-49b0-9362-967595a7eefc,instead.kids,premium,53.92,21.24,high,low,7,namesilo,,,
cf683977-db1f-4c76-bdd6-9caf6afe25e7,idiocy.kids,premium,65,23.4,medium,low,6,namecheap,,,18/09/2026 18:58
a7436c7a-f62a-4468-9e91-c2749a583eed,natal.kids,premium,53.92,21.24,medium,low,5,namesilo,,,03/09/2026 13:37
4de6b70f-6b96-463f-8e90-b169d5fac664,affidavit.kids,premium,53.92,21.24,high,low,9,namesilo,,,
be69f36e-153f-4970-abbb-c9c716056952,worldly.kids,premium,375,22.5,high,low,7,name.com,,,10/08/2026 13:20
7970b56d-efab-48a6-9292-0b84d6a15050,stripping.kids,available,7.98,29.98,medium,low,9,namecheap,,,22/09/2026 05:59
de99c7f5-6f20-4441-8a18-b1cca5be651d,indiscreet.kids,premium,53.92,21.24,medium,low,10,namesilo,,,22/08/2026 03:07
9b7c3300-bcf5-4e03-99ac-03429ef9b2b5,beside.kids,premium,375,,high,low,6,name.com,,,
c49ff138-434d-4959-9ca0-1e290058a50d,things.kids,available,9.99,,high,low,6,name.com,,,
0d91318a-a7f0-47c8-8def-8ebc09a643b0,polonium.kids,premium,53.92,21.24,medium,low,8,namesilo,,,20/09/2026 23:54
edee21df-4f58-4f68-bd71-8a90fb817bc7,nursery.kids,premium,390,23.4,high,low,7,namecheap,,,24/09/2026 23:01
17ad9d28-ac8b-4e75-b062-c6bc5c764c5b,firstborn.kids,premium,62.5,22.5,high,low,9,name.com,,,16/08/2026 02:17
86c9c1d9-0b32-4345-bcdd-fda25fe1e817,agreement.kids,premium,65,23.4,high,low,9,namecheap,,,16/09/2026 22:51
241ba70a-38f5-4eac-8191-5a03473894ca,lip.kids,premium,53.92,21.24,high,low,3,namesilo,,,
9b2134ad-2e1c-4b6d-b29f-79993398d0e9,unscalable.kids,available,6.79,19.99,medium,low,10,namesilo,,,12/09/2026 05:23
1b3cf7ff-655c-4814-ad8e-d04365c73e9a,scapegrace.kids,available,6.79,19.99,medium,low,10,namesilo,,,24/09/2026 01:41
d032bad3-1d1d-45fc-8b6c-222b47fa6b3f,mediate.kids,premium,53.92,21.24,high,low,7,namesilo,,,21/08/2026 23:37
5aa7b186-d9ea-43bd-9ec0-78e6bc107c93,apatite.kids,premium,53.92,21.24,medium,low,7,namesilo,,,19/09/2026 16:18
f181454f-ca9e-4893-8ec2-b1ab27743599,seedless.kids,premium,53.92,21.24,high,low,8,namesilo,,,10/09/2026 01:45
9e28c1ab-3850-4603-9d61-3b2d718e4de4,aeolic.kids,available,7.98,29.98,medium,low,6,namecheap,,,17/09/2026 12:35
09e5d83d-a406-4c91-ab69-da482054eba3,alces.kids,available,7.98,29.98,high,low,5,namecheap,,,18/09/2026 03:55
2a9a43be-034c-4e65-87ba-999c1e86cf68,whip.kids,premium,53.92,21.24,high,low,4,namesilo,,,
b766cda8-7781-4ee3-b7bb-d7e670c3ad67,extreme.kids,premium,384,21.24,high,low,7,namesilo,,,04/09/2026 04:46
ec379141-a9d0-43ed-8062-7097638c89a5,ballyrag.kids,available,6.79,19.99,medium,low,8,namesilo,,,11/08/2026 08:57
8c995afd-5383-4461-9a09-4e9e1337c73b,chatoyant.kids,available,6.79,19.99,medium,low,9,namesilo,,,12/08/2026 03:13
72250ce4-58c2-405b-bb65-4e9ec2a4a44a,turing.kids,available,6.79,19.99,high,low,6,namesilo,,,18/09/2026 01:45
6f5cf513-7f37-49f3-9811-0e54e99ee06c,victorian.kids,premium,53.92,21.24,high,low,9,namesilo,,,
e24633cc-4b67-4516-acd9-5c227dd2df77,acheson.kids,available,7.98,29.98,medium,low,7,namecheap,,,17/09/2026 00:31
e9f9b01b-e554-47b3-82fe-d3b72d35ee35,fabled.kids,premium,375,22.5,high,low,6,name.com,,,17/08/2026 20:12
ce7b75a5-8597-45f9-aec2-39d7012f2944,floater.kids,available,6.79,19.99,medium,low,7,namesilo,,,13/09/2026 00:52
04951549-83f1-441f-92a4-a2f4acc7d420,bottom.kids,premium,53.92,21.24,high,low,6,namesilo,,,09/08/2026 11:50
9e22c5fd-4f54-47ec-a470-b68910ba1ecc,condolence.kids,available,6.79,19.99,high,low,10,namesilo,,,
a233ff32-3154-4d80-9428-1123d0b016a0,almaata.kids,available,6.79,19.99,medium,low,8,namesilo,,,18/09/2026 12:23
9b929d45-78b2-4719-94ee-a766e7b8de72,palm.kids,premium,375,,high,low,4,name.com,,,
f83b1277-ae5d-4c82-a263-95e929bee829,enjoy.kids,premium,53.92,21.24,high,medium,5,namesilo,,,
7266c074-7a06-42c3-a8b1-f97aa6964137,crummy.kids,premium,53.92,21.24,medium,low,6,namesilo,,,11/08/2026 09:02
2375f165-0c5c-4d5d-8d6a-6bbfec94887d,whereby.kids,premium,62.5,,medium,low,7,name.com,,,
50ae96bc-d616-4e8b-bde7-f2a6c4cf0946,arthropoda.kids,available,6.79,19.99,high,low,10,namesilo,,,20/09/2026 10:41
5a9b73cd-3d60-4bb4-894d-ca02b6ecbe45,perfect.kids,available,,,high,low,7,,,,
723364dd-a215-4891-bbd9-33a32dd4dc66,portholes.kids,available,6.79,19.99,low,low,9,namesilo,,,19/09/2026 21:54
d212f229-c9b7-4b22-9b1b-ca7b796148c0,analogist.kids,available,7.98,29.98,medium,low,9,namecheap,,,19/09/2026 01:52
f6714eae-9284-4b28-a6a2-bc5349e89e0d,corner.kids,premium,53.92,21.24,high,low,6,namesilo,,,
31e4d544-e149-4fa6-9631-cf553b05fb2e,ignore.kids,premium,53.92,21.24,high,low,6,namesilo,,,
0881bebf-de80-4da6-bec0-82714d72eb1f,unsaid.kids,available,6.79,19.99,medium,low,6,namesilo,,,12/09/2026 09:43
12de94f4-ee77-4f65-8310-2a2f2ae28416,adept.kids,premium,53.92,21.24,high,low,5,namesilo,,,21/09/2026 17:17
dbae6fea-9672-4487-98ac-6d7f21c4aaa1,crotchety.kids,premium,53.92,21.24,medium,low,9,namesilo,,,13/08/2026 08:25
d48e90f7-9e76-4b6d-9e0f-80f528792e37,once.kids,premium,384,21.24,high,low,4,namesilo,,,24/09/2026 15:11
da4e1316-40b5-4cb2-894a-fea8ef8e01b5,dire.kids,premium,53.92,21.24,medium,low,4,namesilo,,,14/08/2026 08:44
c12f52ed-00e7-4724-914b-af9d4a58d155,antrum.kids,available,6.79,19.99,medium,low,6,namesilo,,,19/09/2026 15:46
9667ef73-e730-4efd-a326-486907030334,yearbook.kids,premium,375,,high,low,8,name.com,,,
c942a45d-1160-44ec-ac7f-73016cf57b29,rasping.kids,available,7.98,29.98,medium,low,7,namecheap,,,20/08/2026 18:29
c519be26-ea1d-4e7f-a48c-6dc08a01749d,sharp.kids,premium,384,21.24,high,low,5,namesilo,,,21/09/2026 16:42
f7a2d04f-fa87-4430-aa15-828a3913c905,testify.kids,premium,65,23.4,high,low,7,namecheap,,,25/09/2026 11:08
28d3472a-30dc-4c16-a0ac-0d7c7161ebe4,potable.kids,premium,62.5,22.5,high,low,7,name.com,,,14/08/2026 19:25
f0771814-afc4-47f6-9a69-15c993afaeec,avellan.kids,available,6.79,19.99,medium,low,7,namesilo,,,07/08/2026 22:24
96707c10-6081-405b-bfc1-c201285cd29b,antabuse.kids,available,6.79,19.99,medium,low,8,namesilo,,,19/09/2026 12:24
da2ebf94-d8a5-4aab-9bf5-e0383f998a8a,occult.kids,premium,53.92,21.24,high,low,6,namesilo,,,03/09/2026 12:26
89b0424f-251a-41de-bfc4-ec3b42a6c4e5,nix.kids,available,6.79,19.99,high,low,3,namesilo,,,03/09/2026 22:30
5a660887-a42f-4986-9ff4-bf7082e27613,blowout.kids,premium,62.5,,high,low,7,name.com,,,
cd00385f-cc65-4d3c-9168-8a697ebc8d69,owens.kids,premium,62.5,,high,low,5,name.com,,,
480153b3-0739-460e-a94b-8997001ee2a1,evanescent.kids,premium,53.92,21.24,high,low,10,namesilo,,,17/08/2026 14:37
edf93312-832a-4aeb-8104-777aab7ac546,paddlefish.kids,available,6.79,19.99,medium,low,10,namesilo,,,14/08/2026 20:48
7e642872-417b-45e1-9a94-78fbb81615fc,concept.kids,premium,384,21.24,high,low,7,namesilo,,,24/09/2026 17:05
8ccdf1cd-b1c1-4a6b-a548-077b2e10405d,mimic.kids,premium,53.92,21.24,high,low,5,namesilo,,,24/08/2026 23:29
a13fc6d9-e6d2-4115-bd70-101e8011bd2f,lxxv.kids,available,7.98,29.98,medium,low,4,namecheap,,,
747445e5-e20a-4a53-b61f-fd1675e4a39d,here.kids,premium,384,21.24,high,medium,4,namesilo,,,24/09/2026 23:42
c6c52e60-5cd4-480d-80d0-d876c268a377,assertion.kids,premium,53.92,21.24,high,low,9,namesilo,,,20/09/2026 16:14
669f292d-3953-4d22-961b-64212d0b2b97,crossways.kids,premium,53.92,21.24,medium,low,9,namesilo,,,14/09/2026 09:48
dae84cf2-f553-458f-9318-77a0028a4962,rail.kids,premium,53.92,21.24,high,low,4,namesilo,,,
7cffe087-f9d6-401a-b95a-89dad49d0c3a,including.kids,available,6.79,19.99,medium,low,9,namesilo,,,
df4e1d7d-fbc5-4fa3-b9a7-30afc862748b,agastache.kids,available,6.79,19.99,medium,low,9,namesilo,,,17/09/2026 16:24
3909e0af-f32d-4ae1-9e6c-eab7d5f061b9,aerial.kids,premium,53.92,21.24,high,low,6,namesilo,,,
9d70987f-94ec-4b56-9926-d69bc5c1bfe9,amniota.kids,available,7.98,29.98,medium,low,7,namecheap,,,18/09/2026 22:27
b3074672-2c88-4611-b7e0-71c5f611e6f9,idiopathic.kids,available,7.98,29.98,medium,low,10,namecheap,,,21/08/2026 18:09
9624ca67-0e35-4dfc-aaac-09a127169a13,reliability.kids,premium,53.92,21.24,high,low,11,namesilo,,,
e5b0f0cb-3fe3-42ca-9212-761912f6caba,outpouring.kids,premium,53.92,21.24,high,low,10,namesilo,,,22/09/2026 07:58
a78c6f62-06dc-4246-a560-fffec8016a2c,vanguard.kids,available,,,high,high,8,,,,
6db6e2b2-512e-451a-9321-12464b200c5e,fittingly.kids,available,6.79,19.99,medium,low,9,namesilo,,,13/09/2026 20:32
f21a928b-f050-45c1-981b-b1fbe4160c15,pita.kids,premium,375,,high,low,4,name.com,,,
505a1ee7-812e-4472-b411-38ba074e2314,resistant.kids,premium,53.92,21.24,high,low,9,namesilo,,,09/09/2026 15:18
dfdf7292-2f9e-45bf-812d-bdf7e6350ee9,blase.kids,available,6.79,19.99,medium,low,5,namesilo,,,10/08/2026 13:19
a467772a-a6bf-4db6-b592-d5b950650d66,smoldering.kids,available,6.79,19.99,medium,low,10,namesilo,,,10/09/2026 12:01
56fb3433-fd39-4c29-8459-cbc931fdcc73,energizing.kids,available,6.79,19.99,high,low,10,namesilo,,,
7505e9ee-cca0-4532-9e89-bd7ca6065b58,balalaika.kids,available,6.79,19.99,high,low,9,namesilo,,,21/09/2026 20:48
df516daf-ac85-4234-93b3-e0c36b7dc71b,licenced.kids,available,6.79,19.99,medium,low,8,namesilo,,,21/09/2026 15:56
a7c6aa32-d807-4d10-8845-b1876f5a8be7,ticket.kids,premium,390,23.4,high,low,6,namecheap,,,24/09/2026 18:18
83a1fa7e-ae6b-4428-b325-8102a0055bc0,enchanted.kids,premium,53.92,21.24,high,low,9,namesilo,,,16/08/2026 22:14
42137bb2-a5ed-4a7e-816a-53348a58527a,osmium.kids,premium,53.92,21.24,medium,low,6,namesilo,,,20/09/2026 23:48
5a688a54-767b-4e79-bb92-cbcef7fbbc64,maoist.kids,available,6.79,19.99,medium,low,6,namesilo,,,24/08/2026 15:38
d02063c9-f2be-45e2-834b-8e304f1d58a5,academics.kids,available,7.98,29.98,high,low,9,namecheap,,,24/09/2026 02:34
32ae286f-904a-47dc-bfe3-564135c7c79e,idiomatic.kids,available,7.98,29.98,high,low,9,namecheap,,,21/08/2026 18:07
af8a9613-3ef1-4f7d-a392-305f095a4889,afternoon.kids,premium,53.92,21.24,high,low,9,namesilo,,,
44acbd9d-aa2a-45e9-bb8c-a7e3f1b4f56b,employer.kids,premium,53.92,21.24,high,low,8,namesilo,,,
ede6b621-62d0-4d1f-90ee-715b41904f93,shrewdness.kids,available,7.98,29.98,high,low,10,namecheap,,,20/09/2026 18:18
c4cf6529-2512-4db7-9121-edf955f451d3,assuage.kids,premium,53.92,21.24,high,low,7,namesilo,,,18/08/2026 22:06
5b639342-d495-4936-81f9-9e9910acda4a,shoeless.kids,available,7.98,29.98,medium,low,8,namecheap,,,08/08/2026 19:04
09256100-0c49-4104-a345-b8a0f4b876f0,deface.kids,premium,53.92,21.24,medium,low,6,namesilo,,,24/09/2026 05:35
033a34f7-b08a-4a27-be12-4098dcd2e106,dicks.kids,available,6.79,19.99,medium,low,5,namesilo,,,
dc00cdf5-4d25-480c-b122-7db18b4cfc07,amaterasu.kids,available,6.79,19.99,medium,low,9,namesilo,,,18/09/2026 16:05
8646b451-9eef-4e90-9abe-9f9eeb9b3eb2,heathen.kids,premium,53.92,21.24,high,low,7,namesilo,,,18/08/2026 21:55
8798a5e1-7bc8-42ec-b472-d997a4bb669a,granddaughter.kids,premium,53.92,21.24,high,low,13,namesilo,,,
8294ad99-2d7c-4eb8-a88d-158a5dc07c16,tank.kids,premium,53.92,21.24,high,low,4,namesilo,,,20/09/2026 07:27
a455fed3-5ba8-419b-ba6d-c8fd696a4e64,tidal.kids,premium,53.92,21.24,high,low,5,namesilo,,,11/09/2026 15:34
7815322d-a9b9-4628-9083-9d8e007176f5,dachshund.kids,premium,53.92,21.24,high,low,9,namesilo,,,21/09/2026 17:04
1f7a0688-b0a1-48f1-9415-9552bb3b8c36,cloudlike.kids,available,6.79,19.99,medium,low,9,namesilo,,,12/08/2026 12:38
7693e6c2-7af5-4d94-94cc-0bf41fe3d5db,headstrong.kids,premium,53.92,21.24,medium,low,10,namesilo,,,18/08/2026 16:35
137f0a82-c257-4bff-b451-e19b59b89d6d,malayan.kids,available,6.79,19.99,high,low,7,namesilo,,,24/08/2026 13:44
bd2204ff-1b58-422d-b74b-2ad0b0706445,nicky.kids,available,6.79,19.99,high,low,5,namesilo,,,
0e8a0cd5-bfc6-4c8e-a900-7c3fdc0e3fbc,thundery.kids,available,9.99,33.99,medium,low,8,name.com,,,13/08/2026 19:58
38bea21e-6651-4e24-929a-21f73502ee6d,triangular.kids,premium,53.92,21.24,high,low,10,namesilo,,,11/09/2026 14:30
e3c5a089-7b45-4af3-9c94-bd28208ecf15,logy.kids,premium,53.92,21.24,medium,low,4,namesilo,,,18/08/2026 09:55
5aed8345-b2e2-4e33-92cf-976d9c74da30,anomic.kids,available,6.79,19.99,medium,low,6,namesilo,,,
d3d20909-6c5e-4ad7-8a87-7d68c8e5bf75,bemused.kids,available,6.79,19.99,medium,low,7,namesilo,,,07/08/2026 11:47
b13403f2-9e08-4dec-8f66-fc87f272fc15,abstractly.kids,available,6.79,19.99,medium,low,10,namesilo,,,13/09/2026 16:42
00cf74a3-ba53-47b0-b466-e2abbd6da0ea,account.kids,premium,53.92,21.24,high,low,7,namesilo,,,23/09/2026 08:11
145207fa-1db9-4672-8c97-50d8e6926e67,apogamy.kids,available,7.98,29.98,medium,low,7,namecheap,,,19/09/2026 18:27
dd9cd4b2-d898-4172-9c69-a663998d666d,koala.kids,premium,53.92,21.24,high,low,5,namesilo,,,
d1260e85-fc9f-4f26-a28f-e13bd3cc4496,prioritize.kids,available,6.79,19.99,high,low,10,namesilo,,,
81c13269-9670-49ab-8870-87cf1601db59,blackness.kids,available,6.79,19.99,high,low,9,namesilo,,,10/08/2026 10:54
ea6ce129-dc48-4f3b-81c6-717b619b09be,subversive.kids,available,6.79,19.99,high,low,10,namesilo,,,22/08/2026 07:46
c74c010c-0e5d-4ee8-8393-f700e6206bd7,anointing.kids,available,6.79,19.99,high,low,9,namesilo,,,19/09/2026 11:19
1486761d-091e-489e-80bd-ea4f22de0d52,dryers.kids,available,6.79,19.99,medium,low,6,namesilo,,,21/09/2026 07:40
2fded73d-34b8-4fdd-8cb5-7a03ea2a8b58,exogenous.kids,available,6.79,19.99,medium,low,9,namesilo,,,17/08/2026 17:33
18f69408-5add-4e7d-adbf-5e3d4fc126b8,grad.kids,premium,375,22.5,high,low,4,name.com,,,20/08/2026 17:53
5ef8f505-9084-4cbe-9a36-9ff9dcbf7f1c,freeze.kids,premium,53.92,21.24,high,low,6,namesilo,,,25/09/2026 22:53
f5a94f73-aa4a-4a24-9ba9-87fd2f7aeeb6,collection.kids,premium,384,21.24,high,low,10,namesilo,,,24/09/2026 17:31
4d21e368-a5e4-4f32-abbb-41afd2dba7db,barbu.kids,available,6.79,19.99,medium,low,5,namesilo,,,22/09/2026 05:04
4682fc59-ef8f-4508-b261-60c73add161c,execution.kids,premium,53.92,21.24,high,low,9,namesilo,,,
0c4e83dd-096b-4028-8bae-a80fa33d819e,pays.kids,available,6.79,19.99,medium,low,4,namesilo,,,25/09/2026 17:21
98a46c10-55b6-458c-b0dd-5d603e7b75e3,helen.kids,available,6.79,19.99,high,low,5,namesilo,,,25/09/2026 07:10
c379c83d-43af-4d65-ada2-39f4c70d22ba,peripheral.kids,premium,53.92,21.24,high,low,10,namesilo,,,08/09/2026 17:14
acfb745d-1d90-4644-9f1d-a49de62a98a4,aesthesia.kids,available,6.79,19.99,medium,low,9,namesilo,,,17/09/2026 13:26
923bae02-cd6e-419d-a75a-53d34ea7d873,hold.kids,premium,65,23.4,high,low,4,namecheap,,,24/09/2026 23:26
9a978c3c-711a-4e65-990e-f84dc61d8ed6,doped.kids,available,6.79,19.99,medium,low,5,namesilo,,,14/08/2026 15:59
11f9cce1-4385-43f3-8af0-7989ff657030,cultural.kids,premium,53.92,21.24,high,low,8,namesilo,,,13/08/2026 10:15
260b5455-b18a-41fd-a28f-03eed5882574,thrilling.kids,available,6.79,19.99,high,low,9,namesilo,,,16/08/2026 02:41
3649b1c8-1f7e-4d0f-b485-d4e1e82db072,veg.kids,available,6.79,19.99,high,low,3,namesilo,,,
29d77aa7-0bca-4014-89d0-75f87c329c5c,unclutter.kids,available,6.79,19.99,high,low,9,namesilo,,,12/08/2026 10:28
8036c36e-a1ff-4a5a-9cbc-a32f0e5401bc,strict.kids,premium,53.92,21.24,high,low,6,namesilo,,,21/08/2026 00:17
a15c9a6f-0396-46e7-8284-a234551c086e,breeding.kids,premium,53.92,21.24,high,low,8,namesilo,,,11/08/2026 03:36
1a902595-f256-4eb0-bdb4-ddd3f2398d45,upmost.kids,premium,65,23.4,medium,low,6,namecheap,,,11/09/2026 17:50
82521bb6-eb14-4dc2-bc9b-cc4433a6a47a,striation.kids,premium,53.92,21.24,medium,low,9,namesilo,,,22/09/2026 01:19
0cf3c7b1-ff19-41be-a227-4da57ddc7534,sugar.kids,premium,384,21.24,high,low,5,namesilo,,,25/09/2026 05:11
f5926550-3c52-4830-abb5-6fa5d8c470c3,lucius.kids,available,6.79,19.99,high,low,6,namesilo,,,25/09/2026 15:11
e60970cc-23b0-4900-b2b0-0355ee6ea500,loftily.kids,available,6.79,19.99,medium,low,7,namesilo,,,15/09/2026 12:38
cda365ef-2a4f-4887-8e88-e1658dbf30a4,jovial.kids,premium,53.92,21.24,high,low,6,namesilo,,,22/08/2026 13:42
005fc7ff-d58a-4062-a823-368b6e943e7c,gritty.kids,premium,375,22.5,medium,low,6,name.com,,,12/08/2026 14:03
1cea0dfb-8806-47b7-84e5-160a387f3cd9,racehorse.kids,premium,53.92,21.24,high,low,9,namesilo,,,22/09/2026 01:58
c74a6315-c4b3-4227-9e3d-7b6eed5e4d4e,cone.kids,premium,53.92,21.24,high,low,4,namesilo,,,
b6e8437e-b942-4a40-856c-c48c4e66e356,amelia.kids,available,7.98,29.98,high,low,6,namecheap,,,18/09/2026 18:15
b153538b-69ae-4529-94fd-4d62aeaaae50,recruited.kids,available,6.79,19.99,medium,low,9,namesilo,,,18/09/2026 00:53
50735ff5-7a02-4aa6-ba16-ec70a231b78b,minor.kids,premium,65,23.4,high,low,5,namecheap,,,25/09/2026 20:28
894cfedd-17b1-42c9-a834-ab5b7bdb667e,anchorman.kids,premium,65,23.4,high,low,9,namecheap,,,19/09/2026 03:46
2248f394-b14e-46c4-a586-68519770b667,baroque.kids,premium,53.92,21.24,high,low,7,namesilo,,,08/08/2026 20:26
47a9bbcc-7f57-4538-ae46-712a9df82dc7,textures.kids,available,7.98,29.98,medium,low,8,namecheap,,,20/09/2026 19:34
63a35d78-a692-4847-84a2-777f359f1ac1,brassiere.kids,premium,53.92,21.24,high,low,9,namesilo,,,22/09/2026 01:02
49aaa687-ca7c-4142-9ff1-4b6a4e3b7d05,theatrical.kids,premium,53.92,21.24,high,low,10,namesilo,,,11/09/2026 12:33
6e42f77e-a97d-42de-9183-f4d0bd1e6ce5,wall.kids,premium,53.92,21.24,high,low,4,namesilo,,,23/09/2026 16:20
5042e12d-300b-444c-a869-9b716639f9a9,earn.kids,premium,375,,high,low,4,name.com,,,
eac6c908-305a-4eaa-8904-1d83dded579c,polio.kids,premium,62.5,22.5,medium,low,5,name.com,,,17/09/2026 05:40
2616a8a3-4099-4c2c-abd9-f0032e5edb55,court.kids,premium,62.5,,high,low,5,name.com,,,
5e24badd-7c9c-4656-9e0a-c6d234c0c606,ovate.kids,premium,62.5,22.5,high,low,5,name.com,,,15/08/2026 18:03
cd62e823-d78b-494d-a9b6-7acbb31e76fb,contrast.kids,premium,375,,high,low,8,name.com,,,
bc96f6ec-7c45-494a-bcf5-321f36aa245e,maculate.kids,available,6.79,19.99,medium,low,8,namesilo,,,13/08/2026 23:26
f25518f7-68f6-4bc5-b595-04a42b620a4d,coeval.kids,premium,53.92,21.24,medium,low,6,namesilo,,,12/08/2026 15:28
1f7c74a6-c7f6-44c7-9698-ae0700a83eef,fluorine.kids,premium,53.92,21.24,medium,low,8,namesilo,,,21/09/2026 00:03
0d716a99-5f1e-4993-b694-ae7918c51a87,pierogi.kids,premium,53.92,21.24,high,low,7,namesilo,,,17/09/2026 14:55
50b35b2c-2ee1-4a11-a6e3-b2a13b7d2b87,isotopic.kids,available,6.79,19.99,medium,low,8,namesilo,,,22/08/2026 11:26
bf0f5008-6d25-4400-943c-0d53525e893c,graphic.kids,premium,62.5,22.5,high,low,7,name.com,,,20/08/2026 18:09
30bb0cc0-fd7a-4069-b21d-3e6fa209ded6,doula.kids,available,7.98,29.98,high,low,5,namecheap,,,23/09/2026 21:09
1949df8b-94b0-4706-b9c1-4a84e935108c,demanding.kids,premium,53.92,21.24,medium,low,9,namesilo,,,14/08/2026 01:06
5b1e2f6d-84b8-4802-ab9d-2dea1216961c,conway.kids,available,9.99,33.99,high,low,6,name.com,,,25/09/2026 21:36
9947259a-6657-4ebe-aaa1-d8902eb42388,lxi.kids,available,6.79,19.99,medium,low,3,namesilo,,,
5cb8e559-41a6-46b3-b6df-9c4ba84c7c31,uncles.kids,available,7.98,29.98,medium,low,6,namecheap,,,20/09/2026 08:48
07668e98-feac-4556-899d-0a30d037f152,rucksack.kids,premium,53.92,21.24,high,low,8,namesilo,,,21/09/2026 14:41
2d7464b6-339e-41a5-8abb-12f43eaea7c1,jeep.kids,premium,375,,high,medium,4,name.com,,,
f020be05-752e-45eb-8b43-dbc7f41363a2,rey.kids,available,6.79,19.99,high,low,3,namesilo,,,25/09/2026 16:30
fc419346-b271-4eef-920c-f4608a3cddb7,stripes.kids,available,6.79,19.99,high,low,7,namesilo,,,24/09/2026 14:23
2a5c68db-3a66-4b06-bedc-04b0d789d28b,preston.kids,premium,62.5,22.5,high,low,7,name.com,,,25/09/2026 20:01
e8461f00-d391-46e4-bc10-f9cc32bb4d9f,organs.kids,available,6.79,19.99,high,low,6,namesilo,,,
edf02dbd-80c0-4da7-8e7d-03029d149185,canny.kids,premium,53.92,21.24,high,low,5,namesilo,,,11/08/2026 13:23
1ad48710-4e49-4a7e-bc65-a3c474f747d5,sportsperson.kids,available,7.98,29.98,high,low,12,namecheap,,,16/09/2026 08:58
33ed9877-1774-4dbd-80cb-124b29d7ca03,untaped.kids,available,6.79,19.99,low,low,7,namesilo,,,12/09/2026 10:16
cbeefb86-953e-4461-b175-f4c1f4dd9deb,uveous.kids,available,6.79,19.99,low,low,6,namesilo,,,13/09/2026 00:24
e85b0a46-120c-46b4-adbc-4a4194e4e580,starvation.kids,premium,65,23.4,medium,low,10,namecheap,,,10/09/2026 19:06
df391874-9763-4283-bc1f-c2124cf0dbf0,thou.kids,premium,53.92,21.24,high,low,4,namesilo,,,21/09/2026 11:11
74585559-f2f1-4442-bd56-89a70ed80380,unsociable.kids,available,7.98,29.98,medium,low,10,namecheap,,,12/09/2026 20:09
efd18f05-3efb-47fc-8025-bc599e42edd5,dish.kids,premium,53.92,21.24,high,low,4,namesilo,,,19/09/2026 08:19
2eea9902-dfdb-47f1-b590-b2ea5e355f46,russia.kids,available,,,high,medium,6,,,,
45ccb348-6b89-46dd-af54-6d10ead0368c,steroidal.kids,available,7.98,29.98,medium,low,9,namecheap,,,10/09/2026 20:19
f2a4acc3-1a26-4fd0-ab0b-9dc8e8e3023a,malicious.kids,premium,53.92,21.24,high,low,9,namesilo,,,24/08/2026 14:02
07948c2f-0f0b-4b04-b4a2-3eaea75d8fc9,broken.kids,premium,53.92,21.24,high,low,6,namesilo,,,23/09/2026 09:56
cfc1309e-ead3-42ee-97cb-10cc89711c65,discharge.kids,premium,53.92,21.24,high,low,9,namesilo,,,20/09/2026 01:05
c46712b6-15ad-4e51-bd87-7faa6a9f9692,bleriot.kids,available,6.79,19.99,medium,low,7,namesilo,,,24/09/2026 06:04
205bf22b-0583-43c4-8ca5-267ee947de66,enmity.kids,premium,53.92,21.24,medium,low,6,namesilo,,,19/09/2026 12:26
5854db6d-3345-41b0-988d-9ed78c810dbd,corrections.kids,available,6.79,19.99,high,low,11,namesilo,,,17/09/2026 22:27
6a741d67-f695-40f5-a30c-2c49cf5abe65,wrists.kids,available,6.79,19.99,medium,low,6,namesilo,,,20/09/2026 10:52
711e3ac3-d213-4be3-8a1b-1ce8171df197,molar.kids,premium,53.92,21.24,high,low,5,namesilo,,,25/08/2026 03:38
31f26b66-a4ea-4f92-b7fb-15b62a5c58c8,iffy.kids,premium,53.92,21.24,medium,low,4,namesilo,,,18/08/2026 09:22
2d8f9341-1957-4bd5-b549-2af7f8dda321,rayless.kids,available,6.79,19.99,medium,low,7,namesilo,,,09/09/2026 10:46
78d82456-682a-4cdb-9edc-c1e5c0d46677,sinclair.kids,available,6.79,19.99,high,low,8,namesilo,,,25/09/2026 04:16
687ead9b-08e9-4006-a385-e75938afb076,regions.kids,available,6.79,19.99,high,medium,7,namesilo,,,17/09/2026 14:38
6617774c-2730-4331-9b8e-4256d6d64792,taxing.kids,available,6.79,19.99,medium,low,6,namesilo,,,11/08/2026 10:33
4707cd8b-bf0b-4e85-9f6d-9f226174d48b,grantee.kids,premium,53.92,21.24,high,low,7,namesilo,,,18/09/2026 07:39
a8cf59ba-2192-4749-b685-037b0a35f8a5,sucks.kids,available,6.79,19.99,medium,low,5,namesilo,,,18/09/2026 11:29
1b204d8c-6c63-4f81-ad48-6509b79d14a0,neptunium.kids,premium,53.92,21.24,medium,low,9,namesilo,,,21/09/2026 00:09
5c70c36e-a7cb-40cd-99f5-bf8bb8610ca0,isles.kids,available,6.79,19.99,medium,low,5,namesilo,,,20/09/2026 01:00
9230e427-7a83-4cc2-9b1b-d05428df37ed,commit.kids,premium,375,,high,low,6,name.com,,,
a95bbaa6-62b9-4191-92ac-9e7997890bc7,fictitious.kids,premium,53.92,21.24,medium,low,10,namesilo,,,07/08/2026 07:50
24896c4d-5579-4f81-bd7b-9bf49259d5d6,vengeful.kids,premium,62.5,,medium,low,8,name.com,,,
392ffa1f-9590-421b-b4a9-ee871abb01b2,unadorned.kids,premium,53.92,21.24,medium,low,9,namesilo,,,11/09/2026 23:54
ea36bd77-9d88-4b95-bfcd-7f3ac68ef70b,leasing.kids,available,6.79,19.99,high,low,7,namesilo,,,
df44ba45-1ee6-42d4-9a04-efe794929d55,night.kids,premium,375,,high,low,5,name.com,,,
7aaa55e8-60b3-448b-94fb-f43321024586,drinkable.kids,premium,62.5,22.5,high,low,9,name.com,,,14/08/2026 19:23
76c179b2-a12c-4608-b2d7-76c06fba5378,lot.kids,premium,65,23.4,high,low,3,namecheap,,,25/09/2026 20:36
8c13187b-8e88-4ce6-b0ca-679119c359e8,flexible.kids,premium,65,23.4,high,low,8,namecheap,,,23/09/2026 18:12
285cab7f-ecf7-4ef3-86a7-e7a5fe362827,proclaimed.kids,available,7.98,29.98,high,low,10,namecheap,,,22/09/2026 05:13
5d13ac46-e104-4bdc-87f2-343f01964217,akko.kids,available,6.79,19.99,high,low,4,namesilo,,,16/09/2026 22:23
813bbba1-8005-47de-9e08-9d6110e83f61,avidly.kids,available,6.79,19.99,medium,low,6,namesilo,,,13/09/2026 22:53
b21e194c-f222-436e-b9c8-fca6a19e0af2,defiant.kids,premium,375,22.5,high,medium,7,name.com,,,13/08/2026 23:21
0bdbd3a2-3bce-4bbc-af20-44ac5c2e1838,adulterate.kids,premium,53.92,21.24,medium,low,10,namesilo,,,
c97e734f-6377-44dd-92fa-248bb3a9279c,admass.kids,available,6.79,19.99,medium,low,6,namesilo,,,17/09/2026 08:43
93059ded-551e-4a45-9480-c4f333d0ae2c,subclavian.kids,available,6.79,19.99,medium,low,10,namesilo,,,10/09/2026 23:40
972cb530-bfc2-45aa-937a-caeb102eb2f1,bimetal.kids,premium,53.92,21.24,high,low,7,namesilo,,,09/08/2026 22:52
d16e55fd-4bec-417e-a9b2-102629d3ba2b,thereby.kids,premium,53.92,21.24,medium,low,7,namesilo,,,16/09/2026 08:39
b72c6226-68e8-4bda-a415-c1ca001a8e58,architect.kids,premium,53.92,21.24,high,low,9,namesilo,,,20/09/2026 02:11
0ffb30b6-23ec-43bd-8134-09034c3d69f0,tourists.kids,available,6.79,19.99,medium,low,8,namesilo,,,18/09/2026 07:30
991ef2bf-6fed-4fd0-aea1-77a08279ff27,clickbait.kids,available,6.79,19.99,medium,low,9,namesilo,,,
7c681ac5-d20e-4446-a650-0c4014717ab0,disloyalty.kids,available,6.79,19.99,medium,low,10,namesilo,,,24/09/2026 22:47
5d41a9ed-2c52-4106-a6b3-4ad92a2988ed,combined.kids,available,6.79,19.99,high,low,8,namesilo,,,12/08/2026 18:36
aa97690a-b7fc-4887-b89f-4263d29d947a,bedder.kids,available,6.79,19.99,medium,low,6,namesilo,,,22/09/2026 23:13
d7eb4ae1-71ad-4489-99fd-f48b7dc426a2,wyeth.kids,premium,65,23.4,high,low,5,namecheap,,,19/09/2026 04:48
02123fac-fe28-46d9-94e5-6d3ee387ad85,uuq.kids,available,6.79,19.99,medium,low,3,namesilo,,,20/09/2026 22:18
4c861b74-804b-4abf-9cac-83200ab2008d,mcmahon.kids,available,6.79,19.99,high,low,7,namesilo,,,25/09/2026 21:50
5a263945-9cfc-426a-9d52-b71f42d8b7c9,unpowered.kids,available,6.79,19.99,medium,low,9,namesilo,,,12/09/2026 17:18
2b1a39ed-b60a-475b-b856-2fb559855586,bastion.kids,premium,65,23.4,high,low,7,namecheap,,,22/09/2026 12:50
66dbeaa6-5751-4dc5-b1a0-29887db142c7,arng.kids,available,6.79,19.99,medium,low,4,namesilo,,,20/09/2026 08:02
573f781e-148d-43e0-b08b-efc6aa907904,buyer.kids,available,6.79,19.99,high,low,5,namesilo,,,
3b97ca6f-ed54-41af-b103-f2a7b9b9f437,adapa.kids,available,6.79,19.99,medium,low,5,namesilo,,,17/09/2026 06:23
b6902247-8bf0-4e26-b71d-5e0c13f31466,nurtural.kids,available,6.79,19.99,medium,low,8,namesilo,,,03/09/2026 23:07
0943d0b2-e9c4-4863-9b11-774bb7055384,bengali.kids,premium,53.92,21.24,medium,low,7,namesilo,,,09/08/2026 14:29
beb27cad-ca17-4e38-b49f-272a2720fc2a,epistemic.kids,available,6.79,19.99,high,low,9,namesilo,,,17/08/2026 11:13
263cf2da-ca31-4019-96e7-7f1842274502,alas.kids,premium,53.92,21.24,high,low,4,namesilo,,,13/09/2026 18:37
c132e5bc-6e70-450c-a26d-f7aa597d1389,pectoral.kids,premium,53.92,21.24,high,low,8,namesilo,,,08/09/2026 11:58
9f5869b4-fe28-4a9d-bcd0-62dc71037a73,breakfasts.kids,available,6.79,19.99,medium,low,10,namesilo,,,20/09/2026 13:21
fd7a239a-d7e1-4582-be55-0c2d3799aac6,lateral.kids,premium,53.92,21.24,high,low,7,namesilo,,,22/08/2026 20:34
fcc7f3b4-5b74-43c5-b6d8-5318423a7c23,penny.kids,premium,375,,high,low,5,name.com,,,
e35ec4f2-6571-47d3-ade0-b111cac9e679,angelology.kids,available,6.79,19.99,medium,low,10,namesilo,,,19/09/2026 06:02
737aec6b-1ae0-4639-9a3b-bd2ec1f3288d,resurgent.kids,premium,53.92,21.24,high,low,9,namesilo,,,09/09/2026 13:53
2e8e3325-64c0-49b1-864a-0eb27684b88b,parcel.kids,premium,53.92,21.24,high,low,6,namesilo,,,24/09/2026 11:15
4d6e1ef4-f0b1-45f8-8525-e1cef189ae81,bangles.kids,available,7.98,29.98,medium,low,7,namecheap,,,20/09/2026 19:22
03c0ec34-82d1-443e-ae0e-a87034bea782,hostelry.kids,premium,65,23.4,medium,low,8,namecheap,,,21/09/2026 02:26
4c1f0eb4-ae82-4d77-898b-2575e9a000bd,consumer.kids,premium,375,,high,low,8,name.com,,,
b4271f5e-0529-472d-af59-b6643e6a410f,palmae.kids,available,6.79,19.99,medium,low,6,namesilo,,,20/09/2026 03:32
d553f0e9-ca3d-4ef9-98fb-434bef0d10ca,slipping.kids,available,6.79,19.99,high,low,8,namesilo,,,10/09/2026 11:05
c89965cf-e60d-48a5-a3ec-f9582818e550,cheerful.kids,premium,53.92,21.24,high,low,8,namesilo,,,12/08/2026 03:41
3da77b1e-73ea-4a2f-8fba-49d748d71f83,salty.kids,premium,53.92,21.24,high,low,5,namesilo,,,19/09/2026 11:13
ac4febf3-c102-4294-afbb-2433f8006f79,aegir.kids,available,6.79,19.99,medium,low,5,namesilo,,,14/08/2026 22:18
8dbc8ced-c83e-4e7c-aa6f-2f4661164f55,risque.kids,available,7.98,29.98,high,low,6,namecheap,,,18/08/2026 20:02
0fd65f41-c059-4af9-85e2-f242b50c67d9,irani.kids,available,6.79,19.99,high,low,5,namesilo,,,22/08/2026 09:42
68525a7a-c47f-42a0-ac0c-e98e275fa253,brains.kids,available,6.79,19.99,high,low,6,namesilo,,,25/09/2026 18:40
7b880097-0290-40a9-8541-865a8ea793a5,boyne.kids,available,6.79,19.99,medium,low,5,namesilo,,,22/09/2026 14:51
452b5f84-6321-4515-ac01-73ff4a59fce0,hilarious.kids,premium,375,22.5,high,low,9,name.com,,,21/08/2026 09:21
2cf3fb95-2ac6-40d0-a36c-d2a14327dd6d,battered.kids,available,7.98,29.98,medium,low,8,namecheap,,,22/09/2026 18:12
a9e7daf9-c033-4cbc-aaaf-133b89cc61da,humanities.kids,available,6.79,19.99,high,low,10,namesilo,,,
2d714794-40ce-4d4a-bfc3-4167a982a0bb,trifle.kids,premium,53.92,21.24,high,low,6,namesilo,,,13/09/2026 08:07
2fef9cf7-7e1b-4fff-a2e6-f31462408db5,dastardly.kids,available,9.99,33.99,medium,low,9,name.com,,,13/08/2026 18:31
59b3a6dc-50d9-4c3a-bf87-675799574ac1,updated.kids,available,6.79,19.99,medium,low,7,namesilo,,,18/09/2026 06:09
061bd1a2-ecb4-4c86-a1d2-36742e153a81,lengthy.kids,premium,53.92,21.24,medium,low,7,namesilo,,,14/08/2026 18:32
17480275-bb51-4df2-997f-c75f3b677b41,avahi.kids,available,7.98,29.98,medium,low,5,namecheap,,,21/09/2026 08:36
60760328-230a-4dc2-b0ed-a24fb9c69d92,licit.kids,available,6.79,19.99,medium,low,5,namesilo,,,23/08/2026 00:58
54b3fb4d-ce0e-4b2d-bb08-75057b31dc68,uncaused.kids,available,6.79,19.99,medium,low,8,namesilo,,,18/08/2026 12:45
253be20f-71c2-4db3-8735-5ac87d0c476c,agitation.kids,available,7.98,29.98,medium,low,9,namecheap,,,17/09/2026 18:06
f7bc5e75-8f42-4594-b5a9-7d29b4d43acc,repository.kids,premium,53.92,21.24,high,low,10,namesilo,,,24/09/2026 21:59
f39943ab-febc-4b09-9ae0-17ac4bf2125a,cypriote.kids,available,9.99,33.99,medium,low,8,name.com,,,13/08/2026 14:05
2b63a568-ce38-478a-905b-e1fa1177a625,muddy.kids,premium,53.92,21.24,high,low,5,namesilo,,,10/08/2026 17:08
e96d8bb4-b45c-417e-ae47-c53f1ac1523f,tangible.kids,premium,53.92,21.24,high,low,8,namesilo,,,05/09/2026 00:10
6e2e0d9f-9fb3-4ca9-87e5-3fb44bdbab3c,pushchair.kids,available,6.79,19.99,high,low,9,namesilo,,,21/09/2026 13:21
c3fc5c5a-d5d3-4373-89f9-0f55b073d9e1,foolproof.kids,premium,53.92,21.24,high,low,9,namesilo,,,18/08/2026 10:37
a64eb223-ff34-41db-b632-f3a66b856db7,armless.kids,available,7.98,29.98,medium,low,7,namecheap,,,06/08/2026 19:54
1e875c3a-4612-46b1-816e-e1dfa83142e4,ungrateful.kids,premium,53.92,21.24,medium,low,10,namesilo,,,11/09/2026 12:26
208f5689-f8cc-45a6-80f9-97327fa8b2cf,dimly.kids,available,6.79,19.99,medium,low,5,namesilo,,,14/09/2026 12:45
2711d304-18b3-4010-8e44-19f59fbd73f8,futurist.kids,premium,62.5,22.5,high,low,8,name.com,,,18/08/2026 19:19
52db811f-b4db-41ca-a845-2e9f160f2f43,perceiver.kids,available,6.79,19.99,high,low,9,namesilo,,,08/09/2026 16:18
3adcdc70-c4bf-4ff5-809a-fc2b97cb83e3,unpatented.kids,available,6.79,19.99,medium,low,10,namesilo,,,12/09/2026 16:29
f6e134b8-41ad-4f6c-8db8-407b7db37305,streetwise.kids,premium,384,21.24,high,low,10,namesilo,,,10/09/2026 22:26
692c9cd4-5d98-4070-83b3-2c1071e4e559,dulcet.kids,premium,62.5,22.5,high,low,6,name.com,,,14/08/2026 20:59
824adcdc-aae7-4411-a427-c6b47677cd94,amygdala.kids,available,7.98,29.98,high,low,8,namecheap,,,19/09/2026 00:23
ca9018e3-2985-4a33-a46f-c4cf1a307d78,biotype.kids,available,7.98,29.98,high,low,7,namecheap,,,23/09/2026 19:14
fbfff1e5-6df3-41bb-a673-64ced78639c6,cheesy.kids,premium,62.5,22.5,high,low,6,name.com,,,23/09/2026 11:13
d5d917f6-b418-4306-afa3-851eb63525c7,hie.kids,premium,65,23.4,medium,low,3,namecheap,,,09/09/2026 19:49
1e13134c-716c-437e-ac1b-a1f49e0ea31a,decadent.kids,available,7.98,29.98,high,low,8,namecheap,,,13/08/2026 20:50
e33ef256-c765-4dda-be40-bf10691b8ca3,erotic.kids,premium,53.92,21.24,high,low,6,namesilo,,,17/08/2026 12:42
7c44b18c-280e-4668-8706-5c8fba666174,impact.kids,premium,375,,high,high,6,name.com,,,
98045eb1-e473-4ae3-9acd-42d4f5d56517,drippage.kids,available,6.79,19.99,medium,low,8,namesilo,,,14/09/2026 14:34
0a6a7bfb-e559-4edc-977a-5e5d14939856,leaning.kids,premium,375,22.5,high,low,7,name.com,,,07/08/2026 13:24
b1adad23-096e-40e5-a451-345c3e38343e,bakehouse.kids,available,7.98,29.98,high,low,9,namecheap,,,21/09/2026 20:13
ceb67fd9-0f6e-49f2-b687-c17320f58aa9,motherlike.kids,available,6.79,19.99,high,low,10,namesilo,,,25/08/2026 07:04
1fd41a79-e6f3-4fe2-8e41-bc0c24aadba6,carryforward.kids,available,6.79,19.99,medium,low,13,namesilo,,,16/09/2026 06:47
4445dfe5-c133-4479-8778-6e9ea4d6fddd,mystery.kids,premium,384,21.24,high,low,7,namesilo,,,24/09/2026 15:55
b5ee0d4d-4b3e-4808-a4be-12d36e3e8303,macaronic.kids,available,6.79,19.99,medium,low,9,namesilo,,,24/08/2026 12:44
07c1bfe1-8f1d-4c20-9a16-8a08ed40f414,crumbly.kids,premium,53.92,21.24,medium,low,7,namesilo,,,13/08/2026 09:02
27121dd7-6fce-436e-a52c-7d61807f2fe8,keyset.kids,available,7.98,29.98,low,low,7,namecheap,,,21/09/2026 00:17
89a04b53-c3dd-473f-8ae2-da9bf57bcadd,omdurman.kids,available,6.79,19.99,medium,low,8,namesilo,,,22/09/2026 15:32
44715620-8d71-4512-903e-d9c36fd0fafc,volkswagen.kids,available,6.79,19.99,high,low,10,namesilo,,,
004ec7ad-9629-4d4c-b067-06fd805c1c1c,toss.kids,premium,53.92,21.24,high,low,4,namesilo,,,18/08/2026 08:30
c2526fa8-bb44-47b8-b609-854c307b2c4c,alee.kids,premium,53.92,21.24,low,low,4,namesilo,,,13/09/2026 18:38
600a6864-8230-4bef-aafe-01882fe0100f,scores.kids,available,6.79,19.99,high,low,6,namesilo,,,14/09/2026 23:23
c64d2282-4074-4645-9a0d-8aabfb7b0223,sulfur.kids,premium,65,23.4,high,low,6,namecheap,,,20/09/2026 22:28
ce84c23f-b20b-45aa-82cc-00098e2f8213,forgiving.kids,premium,53.92,21.24,high,low,9,namesilo,,,21/09/2026 14:52
111e3727-ff26-4937-bdf8-f3b3d16bf497,agassiz.kids,available,6.79,19.99,medium,low,7,namesilo,,,17/09/2026 16:23
dd046abd-3a90-44b6-833a-b59af78be093,turned.kids,available,6.79,19.99,high,low,6,namesilo,,,
f30e528a-e7da-4e06-9f20-212727cd6de2,quickness.kids,available,6.79,19.99,high,low,9,namesilo,,,
594ad4d4-d51a-451e-b67c-9e2fb70f8e29,trousers.kids,premium,53.92,21.24,high,low,8,namesilo,,,